id,title,description,provider,delivery_mode,cost_gbp,cost_category,duration,duration_category,access,education_outcome,target_audience,category,sub_theme,url,asset_category,review_status,image_url
1,Alcohol Identification and brief advice,"The Alcohol Identification and Brief Advice e-learning project (Alcohol IBA) helps professionals with identifying those individuals whose drinking might be impacting on their health and delivering simple, structured advice. Courses cover delivering alcohol IBA in 4 settings: Primary Care, Community Pharmacy , Hospitals and dental practices.",eLfH,Online,0,Free,0,Less than a day,Register for an eLfH account,Not Applicable,"[""All""]","[""Health Inclusion Groups""]","[""Alcohol and/or Drugs""]",https://portal.e-lfh.org.uk/myElearning/Catalogue/Index?HierarchyId=0_41&programmeId=41,"[""Course""]",Approved,
2,Behavior Change Literacy - individual learners,"Behavior Change Literacy - individual learners


The aim of this session is to provide a first step on your journey to understanding the meaning of behaviour change, why it is important and how it can be implemented.
It will include practical examples showing where behaviour change can be demonstrated and signposts to resources where you can learn more.",eLfH,Online,0,Free,0,Less than a day,Register for an eLfH account,Not Applicable,"[""All""]","[""Communication"", ""Compassion"", ""Coordination""]","[""Behaviour Change""]",https://portal.e-lfh.org.uk/Component/Details/789564,"[""Course""]",Approved,
3,"Cultural Competence, Intersectionality and Cultural Safety programme","The Cultural Competence e-learning tool is designed to support clinicians in the NHS to gain knowledge and understanding of the issues around culture and health and how this might influence healthcare outcomes.

Being Culturally Competent is not only about respecting and appreciating the cultural contexts of patients’ lives. Neither is it a one-size-fits-all approach – it’s about understanding the way we deliver health care and respond to the needs of our diverse population.
Cultural competence is a key aspect of providing both quality and safety care. This is why health professionals need to be aware and gain understanding of the key issues relating to culture and how this may influence the uptake of health care and treatment options. Developing this knowledge and understanding will influence the way we give care and could have an impact on reducing disparities in health care outcomes.",eLfH,Online,0,Free,0,Less than a day,Register for an eLfH account,Not Applicable,"[""All""]","[""Culture"", ""Health Inclusion Groups""]","[""Competency"", ""Cultural Awareness"", ""Safety""]",https://portal.e-lfh.org.uk/Component/Details/789406,"[""Course""]",Approved,
4,Handling Difficult Conversations,"the most common mistakes we make when having a difficult conversation and how to avoid them
effective preparation for a difficult conversation
the importance of listening
key communication skills
how to stay calm and defuse the situation
how to get to the root of the problem
how to negotiate and agree a way forward.",Leeds Health and Care Academy,Online,0,Free,2 hours,Less than a day,Register on website,Certificate of completion,"[""All""]","[""Communication"", ""Compassion"", ""Coordination""]","[""Difficult Conversations""]",https://leedshealthandcarelearningportal.org/course/view.php?id=100,"[""Course""]",Approved,
5,The science of nutrition and health eating,"After studying this course, you should be able to:

demonstrate and understand how food is processed and then used in the body
apply knowledge to understand healthy eating advice and identify how it varies in different countries
make sense of food labels and perform basic calculations of energy in food
describe and know about food allergies and intolerances
describe and understand possible reasons for the current obesity epidemic.",The Open University,Online or Face to Face,0,Free,weeks,Less than a year,Register on website,CPD Credits,"[""All""]","[""Health Prevention"", ""Health Promotion""]","[""Healthy Eating""]",https://www.open.edu/openlearn/health-sports-psychology/health/the-science-nutrition-and-healthy-eating/content-section-overview?active-tab=description-tab,"[""Course""]",Approved,
6,Breast feeding and relationship building,"Breast feeding and relationship building
This two day course fulfils the training requirements of the UNICEF UK Baby Friendly Initiative and you will cover:

The knowledge and skills to support mothers to breastfeed for as long as they want
How to encourage responsive and loving mother baby and family relationships whatever the chosen feeding method",Leeds City Council,Online,0,TBC,TBC,Less than a day,Register on website,Not Applicable,"[""All""]","[""Health Promotion""]","[""Breast Feeding""]",https://www.eventbrite.com/cc/breastfeeding-training-2530799,"[""Course""]",Approved,
7,"Adversity, Trauma and Resilience (ATR) Tier 1: Trauma Informed Practice","Adversity, Trauma and Resilience (ATR) Tier 1: Trauma Informed Practice
Join us for an engaging session on Tier: 1 Trauma-informed Practice in Bradford. This session will equip you with valuable insights and practical strategies to support individuals affected by trauma. Led by experienced professionals, this training promises an interactive and informative learning experience.
Communication.",Bradford Trident,Online or Face to Face,0,Free,0,Less than a day,Register on website,Not Applicable,"[""All""]","[""Communication"", ""Compassion"", ""Coordination""]","[""Adversity"", ""Resilience"", ""Trauma""]",https://bradfordtrident.co.uk/adversity-trauma-resilience-atr-workforce-development-project-2/,"[""Course""]",Approved,
8,Workplace culture,"The different types of workplace culture
The building blocks to positive workplace culture such as values, policies and leadership
The warning signs of a toxic workplace culture
The impact of bullying and harassment
Strategies to deal with bullying and harassment",Leeds Health and Care Academy,Online,0,Free,40 mins,Less than an hour,Register on website,Certificate of completion,"[""All""]","[""Culture""]","[""Workplace Culture""]",https://leedshealthandcarelearningportal.org/course/view.php?id=187,"[""Course""]",Approved,
9,Working with Interpreters in a mental health setting,"Working with Interpreters in a mental health setting
You will gain the confidence to use interpreters well, learning practical and technical tips, discovering:

How to get the best out of your interpreter - an interpreter can be a voice and a consultant of cultural contexts.
How to manage an appointment with a 3rd person in involved.
How to have an efficient appointment.
Managing boundaries when you have interpreter.",Solace,Online or Face to Face,0,Free,2.5 hours,Less than a day,Register on website,Certificate of completion,"[""All""]","[""Communication"", ""Compassion"", ""Coordination""]","[""Translation Services""]",https://www.solace-uk.org.uk/training/specialist_training/working-with-interpreters-in-a-mental-health-setting,"[""Course""]",Approved,
10,Working with Cultural Literacy and Safeguarding Children,"To provide an opportunity to explore personal influences and good practice when working with children and their families from a range of cultural backgrounds, and exploring how these impact safeguarding",National FGM Centre,Face to Face,695,Paid,"1/2 day, full day, 2 days",Various,Register on website,CPD Credits,"[""All""]","[""Safeguarding""]","[""Children and young people"", ""Cultural Literacy""]",https://nationalfgmcentre.org.uk/wp-content/uploads/2022/09/NFGMC-Training-Booklet.pdf,"[""Course""]",Approved,
11,Working with cultural and economic diversity and safeguarding children,"Working with cultural and economic diversity and safeguarding children
To provide an opportunity to explore personal influences and good practice issues when working with children and their families from a range of cultural and economic backgrounds whilst maintaining a focus on the safety of children.",National FGM Centre,Face to Face,695,Paid,2 days,Less than a week,Register on website,CPD Credits,"[""All""]","[""Safeguarding""]","[""Children and young people"", ""Poverty""]",https://nationalfgmcentre.org.uk/wp-content/uploads/2022/09/NFGMC-Training-Booklet.pdf,"[""Course""]",Approved,
12,Women's health equity,"Women's health equity
This includes looking at specific issues related to maternal and reproductive health, such as cervical screening and access to healthcare services, and how they are exacerbated in vulnerable groups, such as Gypsy and Traveller communities.",Fairhealth,Online,0,Free,1-2 hours,Less than a day,Register on website,Certificate of completion,"[""All""]","[""Wider social determinants of Health""]","[""Health Inclusion"", ""Women""s reproductive health""]",https://www.fairhealth.org.uk/course/womens-health,"[""Course""]",Approved,
13,Wider Determinants of Health and Health Inequalities,"Through this course, you will be equipped with all the information you need to understand the wider determinants of health and approaches to implement community-level health and wellbeing interventions, including:

The impacts of the wider determinants of health at both the individual and population level
How health inequalities have an impact on health and wellbeing
An understanding of the way our behaviour impacts physical and mental health and wellbeing
Community development approaches to implement health and wellbeing interventions",Royal Society for Public Health,Online,199,Paid,20 hours,Less than a week,Register on website,CPD Credits,"[""All""]","[""Public Health""]","[""health Inequalities""]",https://www.rsph.org.uk/qualifications-training/online-courses/level-3-wider-determinants-of-health-and-health-inequalities/,"[""Course""]",Approved,
14,"Well Wave practitioner training (condoms and barriers, STI testing, pregnancy testing)","what is Well Wave
young people’s sexual health in Leeds
STIs and contraception
values in sexual health work
the law
confidentiality
condom and barrier methods demonstration
registering a young person for c-card
pregnancy testing
chlamydia and gonorrhoea testing
accessibility and inclusion in Well Wave
sexual health services and referral
practice sharing and problem solving",Leeds City Council,Face to Face,0,Free,1 day,Less than a day,Book Via Email,Not Applicable,"[""All""]","[""Health Protection""]","[""Sexual and reproductive health""]",https://www.leeds.gov.uk/phrc/public-health-training/public-health-training-for-people-working-in-leeds,"[""Course""]",Approved,
15,Welfare benefits update,Consolidate your existing knowledge of welfare benefits with our recap of developments in the sector over the last 12 months.,Shelter,Online,105,Paid,2.5 hours,Less than a day,Register on website,"Advanced, Intermediate","[""Leeds City Council""]","[""Wider social determinants of Health""]","[""Welfare Benefits""]",https://england.shelter.org.uk/professional_resources/shelter_training/benefits/welfare_benefits_update_course,"[""Course""]",Approved,
16,Visible Difference: A Guide for Employers,Visible differences and contribute towards normalising differences at work and in society.,Leeds Health and Care Academy,Online or Face to Face,0,Free,30-60 mins,Less than an hour,Register on website,Certificate of completion,"[""Manager"", ""Line Manager"", ""Team Leaders""]","[""Workforce""]","[""Inclusion""]",https://leedshealthandcarelearningportal.org/enrol/index.php?id=183,"[""Course""]",Approved,
17,Urban street gangs & emerging groups and Serious organised Crime ( SOC ) threats across Leeds,"Urban street gangs &amp; emerging groups and Serious organised Crime ( SOC ) threats across Leeds
This briefing session is aimed at practitioners that work with young people involved or at risk of serious youth violence.",Leeds Safeguarding Children Partnership,Online or Face to Face,0,Free,1 hour,Less than an hour,Register on website,Not Applicable,"[""All""]","[""Environmental Health"", ""Wider social determinants of Health""]","[""Street Gangs""]",https://www.leedsscp.org.uk/training/urban-street-gangs-across-leeds,"[""Course""]",Approved,
18,Understanding the public sector equality duty in homelessness and housing,Get an overview of the public sector equality duty (PSED) and how it applies to housing and homelessness law.,Shelter,Online,0,Free,90 mins,Less than a day,Register on website,CPD Credits,"[""Leeds City Council""]","[""Health Inclusion Groups""]","[""Homelessness""]",https://england.shelter.org.uk/professional_resources/shelter_training/homelessness_applications/public_sector_equality_duty_course,"[""Course""]",Approved,
19,Understanding tenancy deposits,Get an introduction to tenancy deposit schemes and the deposit protection rules.,Shelter,Online,0,Free,90 mins,Less than a day,Register on website,CPD Credits,"[""Leeds City Council""]","[""Wider social determinants of Health""]","[""Housing""]",https://england.shelter.org.uk/professional_resources/shelter_training/renting/tenancy_deposits_course,"[""Course""]",Approved,
20,Understanding suitability of accommodation,Get an overview of the rules on suitability of accommodation provided under a homeless application.,Shelter,Online,0,Free,90 mins,Less than a day,Register on website,CPD Credits,"[""Leeds City Council""]","[""Health Inclusion Groups""]","[""Homelessness""]",https://england.shelter.org.uk/professional_resources/shelter_training/homelessness_applications/suitability_of_accommodation_course,"[""Course""]",Approved,
21,Understanding statutory overcrowding,Learn what is classed as overcrowding and what steps can be taken to address overcrowding issues.,Shelter,Online,0,Free,90 mins,Less than a day,Register on website,CPD Credits,"[""Leeds City Council""]","[""Wider social determinants of Health""]","[""Housing""]",https://england.shelter.org.uk/professional_resources/shelter_training/housing_conditions/statutory_overcrowding_course,"[""Course""]",Approved,
22,Understanding Refugee and Asylum Seeker Mental Health,"Have an understanding of the global refugee and UK context.
Knowledge of the reasons why people flee their homes to seek sanctuary elsewhere.
Knowledge of what might be involved in reaching a place of safety.
Understanding of the emotional health and wellbeing difficulties asylum seekers may suffer, and the factors that impact it.
Understand how it is possible to support asylum seekers who suffer with poor physical and mental health.
Know how to access professional therapeutic support.
Develop an awareness of related issues that impact the experience of people seeking asylum.",Solace,Online,0,Free,6 modules,Less than a week,Register on website,Certificate of completion,"[""All""]","[""Health Inclusion Groups""]","[""Asylum Seekers"", ""Refugees""]",https://www.solace-uk.org.uk/training/courses/understanding-refugee-and-asylum-seeker-mental-health,"[""Course""]",Approved,
23,Understanding Race Bias At Work,"This course will give a better understanding of:

the changing nature of racism
how racial bias, prejudice and discrimination manifest themselves in the workplace
the impact of racial and religious stereotypes
key steps we can all take to tackle our own biases around race.",Leeds Health and Care Academy,Online or Face to Face,0,Free,30-60 mins,Less than an hour,Register on website,Certificate of completion,"[""Manager"", ""Line Manager"", ""Team Leaders""]","[""Workforce""]","[""Anti-racism""]",https://leedshealthandcarelearningportal.org/enrol/index.php?id=59,"[""Course""]",Approved,
24,Understanding homelessness and housing: local authority duties,"Get an overview of local authority homelessness duties, including the prevention, relief and main housing duties.",Shelter,Online,0,Free,90 mins,Less than a day,Register on website,CPD Credits,"[""Leeds City Council""]","[""Health Inclusion Groups""]","[""Homelessness""]",https://england.shelter.org.uk/professional_resources/shelter_training/homelessness_applications/homelessness_housing_local_authority_duties_course,"[""Course""]",Approved,
25,Understanding Factors Impacting Wellbeing in Asylum Seekers and Refugees,"Understanding Factors Impacting Wellbeing in Asylum Seekers and Refugees

to understand how to communicate about emotional and mental well-being
To understand how trauma symptoms may present in people
To learn techniques to work with traumatised people",Solace,Online or Face to Face,0,Various,2.5 hours,Less than a day,Register on website,Certificate of completion,"[""All""]","[""Health Inclusion Groups""]","[""Asylum Seekers"", ""Refugees""]",https://www.solace-uk.org.uk/training/specialist_training/understanding-factors-impacting-wellbeing-in-ras,"[""Course""]",Approved,
26,Understanding Equality Impact Assessments (EIA's),"Understanding Equality Impact Assessments (EIA's)

the purpose of conducting an EIA
the business benefits
when an EIA is necessary
how to scope an EIA
how to collect quality information
strategies for involving and engaging stakeholders
analysing equality effects
planning for action and reporting.",Leeds Health and Care Academy,Online,0,Free,0,Less than an hour,Register on website,Certificate of completion,"[""All""]","[""Communication"", ""Compassion"", ""Coordination""]","[""Equality Impact Assessments (EIA)""]",https://leedshealthandcarelearningportal.org/course/view.php?id=37,"[""Course""]",Approved,
27,Understanding Coercive Control,"This 90 minute interactive workshop (CPD Certified) will expand on your knowledge of domestic abuse, looking in detail at the impact of coercive control, and how we can identify and respond to it appropriately.
In this workshop you will:
• recognise how vulnerable people may be particularly targeted for coercive control
• using a case study, understand how professional curiosity can be beneficial in identifying coercive control and safeguarding individuals
• learn from the findings of DHRs &amp; SARs to improve practice",Behind Closed Doors,Online,200,Paid,90 mins,Less than a day,Book Via Email,Intermediate,"[""All""]","[""Domestic Abuse"", ""Safeguarding""]","[""Coercive Control""]",https://behind-closed-doors.org.uk/training/domestic-abuse-training/,"[""Course""]",Approved,
28,Unconscious Bias in Focus (UK),"This course will give a better understanding of:

Techniques for how to identify implicit behaviour and how to overcome it
How to promote awareness of the negative impact of unconscious bias on the workplace",Leeds Health and Care Academy,Online or Face to Face,0,Free,30-60 mins,Less than an hour,Register on website,Certificate of completion,"[""All""]","[""Workforce""]","[""Anti-racism""]",https://leedshealthandcarelearningportal.org/course/view.php?id=182,"[""Course""]",Approved,
29,Trans and Non-binary Awareness,"This training will give a better understanding of:

people’s personal experiences of being trans and non-binary
key terminology around gender identities and the gender spectrum
gender transitioning and change of gender expression
inappropriate language and behaviour that trans and non-binary people can encounter
inappropriate language and behaviour that transgender people can encounter
how to behave appropriately and respectfully towards trans and non-binary customers, clients and colleagues.",Leeds Health and Care Academy,Online or Face to Face,0,Free,30-60 mins,Less than an hour,Register on website,Certificate of completion,"[""All""]","[""Wider social determinants of Health""]","[""LGBTQ+""]",https://leedshealthandcarelearningportal.org/course/view.php?id=43,"[""Course""]",Approved,
30,Training programme to meet the medical needs of adults with a learning disability,"NHS England commissioned the Royal College of Physicians (RCP) to develop a training programme to meet the medical needs of adults with a learning disability. Learners completing the programme will be able to champion good care and provide clinical leadership in their workplace, enabling practitioners to work in a learning disability physician/practitioner role.",Royal College of Physicians,Online or Face to Face,0,TBC,12 months,1 Year,Register on website,PGCert,"[""Doctor"", ""Dentist""]","[""Autism and Learning Disabilities""]","[""0""]",https://www.rcp.ac.uk/events-and-education/education-and-professional-development/clinical-practice-credentials-and-research-cpd-opportunities/training-programme-to-meet-the-medical-needs-of-adults-with-a-learning-disability/,"[""Course""]",Approved,
31,The Lives of Gypsies and Travellers,"Out of respect for Gypsies and Travellers we chose to call our training ‘The Lives of Gypsies and Travellers’ rather than ‘awareness training’ or ‘cultural competency training’, as they have an ‘othering’ effect.
Provide training to different sectors and audiences across West Yorkshire and sometimes beyond
Bespoke and tailored sessions to your specific service and geographical area
Frontline staff, volunteers, leadership/commissioners – all are welcome and can be tailored to
Flexible delivery in-person and online
We cater for wide varieties of organisations and group sizes",Leeds GATE,Online or Face to Face,0,Various,various,Various,Register on website,Not Applicable,"[""All""]","[""Health Inclusion Groups""]","[""Gypsy"", ""Roma"", ""Traveller""]",https://leedsgate.co.uk/professionals/training/,"[""Course""]",Approved,
32,The Impact of Micro-Behaviours in the Workplace,"the nature of micro-behaviours and the micro-messages we send
the impact of micro-inequities (negative micro-behaviours) in the workplace
how our micro-behaviours can reflect our unconscious bias
how using positive micro-messages (micro-affirmations) can help to improve employee engagement, enhance performance, unlock creativity and help build collaborative, cohesive teams.",Leeds Health and Care Academy,Online or Face to Face,0,Free,30-60 mins,Less than an hour,Register on website,Certificate of completion,"[""Manager"", ""Line Manager"", ""Team Leaders""]","[""Workforce""]","[""Anti-racism""]",https://leedshealthandcarelearningportal.org/enrol/index.php?id=42,"[""Course""]",Approved,
33,The Effective Bystander,"why it’s important for bystanders to take action when they witness inappropriate behaviour
some common obstacles to effective intervention
key intervention strategies and when to use them.",Leeds Health and Care Academy,Online,0,Free,40 mins,Less than an hour,Register on website,Certificate of completion,"[""All""]","[""Communication"", ""Compassion"", ""Coordination""]","[""Allyship"", ""Bystander""]",https://leedshealthandcarelearningportal.org/course/view.php?id=64,"[""Course""]",Approved,
34,Ten Public Health Tips for the Social Care Workforce,"Through this course, you will be equipped with all the information you need to understand the role of the social care workforce in improving the public’s health and wellbeing, including:
An understanding of public health and its connection to social care roles
Ten actionable tips to enhance the health and wellbeing of those they support, tailored to different social care settings.
Further resources to deepen your knowledge of public health and social care",Royal Society for Public Health,Online,0,Free,1 hour,Less than an hour,Register on website,Not Applicable,"[""Leeds City Council""]","[""Public Health""]","[""Health Care"", ""Social Care""]",https://www.rsph.org.uk/qualifications-training/online-courses/ten-public-health-tips-for-the-social-care-workforce/,"[""Course""]",Approved,
35,Tackling Race Bias At Work - A Managers Guide,"the changing nature of racism
how racial bias, prejudice and discrimination manifest themselves in the workplace
the impact of racial and religious stereotypes
how to find out the extent to which racial bias is a problem in your organisation
key steps for leaders, HR teams and Learning and Development departments to take in tackling racism and race bias.",Leeds Health and Care Academy,Online or Face to Face,0,Free,30-60 mins,Less than an hour,Register on website,Certificate of completion,"[""Manager"", ""Line Manager"", ""Team Leaders""]","[""Workforce""]","[""Anti-racism""]",https://leedshealthandcarelearningportal.org/enrol/index.php?id=41,"[""Course""]",Approved,
36,Tackling Gender Bias,"the impact of gender bias in the workplace and the business case for tackling it
how to hone your ability to assess people’s strengths, skills and potential
how to recruit, retain and advance the best people, regardless of gender.",Leeds Health and Care Academy,Online or Face to Face,0,Free,30-60 mins,Less than an hour,Register on website,Certificate of completion,"[""Manager"", ""Line Manager"", ""Team Leaders""]","[""Workforce""]","[""Inclusion""]",https://leedshealthandcarelearningportal.org/enrol/index.php?id=40,"[""Course""]",Approved,
37,Surviving and thriving at the deep end,"be aware of the causes of stress for GPs, particularly those working at the “deep end”
know how to respond to stress
know about the signs that indicate stress is having a negative impact on your life
know how to access support if you are struggling
understand what makes work rewarding and how our values and colleagues act as powerful protective factors and motivators
Reflect on how to remain resilient in the face of significant adversity",Fairhealth,Online,0,Free,30 - 60 mins,Less than an hour,Register on website,Certificate of completion,"[""Doctor"", ""Dentist""]","[""Health and Wellbeing""]","[""Self-Compassion""]",https://www.fairhealth.org.uk/course/surviving-and-thriving,"[""Course""]",Approved,
38,Supporting Trans and Non-binary People at Work: A guide for managers,"Best practice for supporting your trans and non-binary workers and staff
How to draw up relevant policies
The importance of support groups and LGBT+ ally networks
Legal protections for transgender people and employers' responsibilities
How to support a trans or non-binary person through their gender transition or change of gender expression and beyond",Leeds Health and Care Academy,Online,0,Free,40 mins,Less than an hour,Register on website,Certificate of completion,"[""All""]","[""Communication"", ""Compassion"", ""Coordination""]","[""LGBTQ+""]",https://leedshealthandcarelearningportal.org/course/view.php?id=50,"[""Course""]",Approved,
39,Supporting People with Learning Disabilities experiencing Domestic Abuse,"This 2 ½ hour (CPD Certified) interactive workshop explores what it means to have a learning disability, why people with learning disabilities may be especially vulnerable to domestic abuse and how we can ensure good support for people with learning disabilities we are working with.
Aims &amp; objectives:
• Understand why people with learning disabilities are especially vulnerable to domestic abuse
• Explore how myths and stereotypes around disability can impact on individuals experiencing domestic abuse
• Using a case study, explore possible consequences of inadequate support for people with learning disabilities experiencing domestic abuse
• Understand good practice in supporting individuals with learning disabilities experiencing abuse",Behind Closed Doors,Online,400,Paid,0,Less than a day,Book Via Email,Introductory,"[""All""]","[""Domestic Abuse"", ""Safeguarding""]","[""Learning Disability""]",https://behind-closed-doors.org.uk/training/domestic-abuse-training/,"[""Course""]",Approved,
40,Supporting people experiencing homelessness with diabetes,"This course provides an overview of the challenges which can present when people experiencing homelessness have diabetes, including a focus on Safeguarding Adult Reviews after death, and what can be learned from these.",Fairhealth,Online,0,Free,2-4 hours,Less than a day,Register on website,Certificate of completion,"[""All""]","[""Health Inclusion Groups""]","[""Diabetes"", ""Homelessness""]",https://www.fairhealth.org.uk/course/homeless-diabetes,"[""Course""]",Approved,
41,Supporting people experiencing homelessness in an accident and emergency setting,"Welcome to this course, which is focused on the challenges which can present when people experiencing homelessness attend an Accident &amp; Emergency department. It concentrates very specifically on the issues of self-discharge, the safeguarding framework around self-neglect, and the complexity of the mental capacity assessments that may need to be undertaken for these patients.",Fairhealth,Online,0,Free,2-3 hours,Less than a day,Register on website,Certificate of completion,"[""All""]","[""Health Inclusion Groups""]","[""Homelessness""]",https://www.fairhealth.org.uk/course/homelessness-ed,"[""Course""]",Approved,
42,Suicide Awareness,"The prevalence of suicidal thoughts is very high, estimated to be about 1 in 5 (Adult Psychiatric Morbidity Survey, 2014). This course is designed to break down the stigma that still surrounds suicide and to create space for open, compassionate conversations. Suitable for everyone, it helps participants develop the confidence to talk about suicide sensitively and to support those who may be experiencing suicidal thoughts.
By combining practical guidance with a supportive learning environment, the course equips delegates with the tools they need to listen, respond, and make a meaningful difference.
Modules include:

Looking after yourself
Suicide and stigma
Spotting the signs
Having a safe conversation",Mental Health UK,Online or Face to Face,0,TBC,Remote: 3.5 hours or in person: 4 hours,Less than a day,Register on website,Not Applicable,"[""All""]","[""Mental Health Conditions""]","[""Suicide""]",https://mentalhealth-uk.org/workplace-mental-health-training-and-consultancy/,"[""Course""]",Approved,
43,Socio-Economic Wellbeing,"Socio-Economic Wellbeing

the importance of implementing inclusive business practices
what steps your organisation can take to implement inclusive business practices.",Leeds Health and Care Academy,Online,0,Free,40 mins,Less than an hour,Register on website,Certificate of completion,"[""All""]","[""Wider social determinants of Health""]","[""Inclusion"", ""Money"", ""Wellbeing""]",https://leedshealthandcarelearningportal.org/enrol/index.php?id=157,"[""Course""]",Approved,
44,Social Prescribing – Learning for Link Workers programme,Social prescribing enables all primary care staff and local agencies to refer people to a link worker. Link workers give people time and focus on what matters to the person as identified through shared decision making or personalised care and support planning. They connect people to community groups and agencies for practical and emotional support. They collaborate with local partners to support community groups to be accessible and sustainable and help people to start new groups.,eLfH,Online,0,Free,0,Less than a day,Register for an eLfH account,Not Applicable,"[""Allied Health Professionals"", ""Community work and engagement"", ""Doctor"", ""Dentist"", ""Nursing and Midwifery""]","[""Communication"", ""Compassion"", ""Coordination""]","[""Social Prescribing""]",https://portal.e-lfh.org.uk/Component/Details/595166,"[""Course""]",Approved,
45,Sexual Orientation,"how and why sexual orientation is fundamental to a person’s sense of identity
language, and what we mean by the acronym LGBTQ+
the challenges and benefits of a person ‘being out’ in the workplace
stereotypes, why we use them and the damage they can do
policies on sexual orientation inclusion
how to spot acts of discrimination and how to deal with them
how we measure progress in sexual minority inclusion
steps to ensure that sexual minorities feel comfortable to bring their whole selves to work
Pride and the customer experience.",Leeds Health and Care Academy,Online,0,Free,40 mins,Less than an hour,Register on website,Certificate of completion,"[""All""]","[""Communication"", ""Compassion"", ""Coordination""]","[""LGBTQ+""]",https://leedshealthandcarelearningportal.org/enrol/index.php?id=51,"[""Course""]",Approved,
46,Self-harm in the Workplace,"Self-harm in the Workplace
This fully interactive workshop is designed for line managers, wellbeing leads, mental health first aiders and anyone in your organisation (mainly in the private sector) who could benefit. It deepens understanding of self-harm and eating distress while equipping participants to predominantly support staff, as well as visitors and clients, effectively.
Through practical guidance and real-world scenarios, participants will learn how to respond with sensitivity, build a supportive environment and use the right language and approaches to help someone in distress.
?",Battle Scars,Online or Face to Face,0,Various,3.5 hours,Less than a day,Register on website,Certificate of completion,"[""All""]","[""Mental Health Conditions""]","[""Self Harm""]",https://www.battle-scars-self-harm.org.uk/self-harm-in-the-workplace.html,"[""Course""]",Approved,
47,Safeguarding for call handlers,"Safeguarding for call handlers
This course covers legislation regarding safeguarding, including key responsibilities for organisations working with children or vulnerable adults.

You’ll learn how to respond appropriately to disclosures and suspicions of abuse when working with customers or clients on the telephone.",Shelter,Online,110,Paid,half day,Less than a day,Register on website,CPD Credits,"[""All""]","[""Communication"", ""Compassion"", ""Coordination""]","[""Safeguarding""]",https://england.shelter.org.uk/professional_resources/shelter_training/professional_skills/safeguarding_call_handlers_course,"[""Course""]",Approved,
48,Responding to Domestic Violence and Abuse in Healthcare Settings,"Responding to Domestic Violence and Abuse in Healthcare Settings
This interactive (CPRD Certified) session draws from our “essentials” training, putting it in the context of healthcare providers and settings. With a trauma-informed approach, we consider the impact of domestic abuse on individuals and the healthcare service, and how health professionals have a unique role in identifying and supporting those who may be experiencing abuse.",Behind Closed Doors,Online,400,Paid,3 1/2 hrs,Less than a day,Book Via Email,Introductory,"[""All""]","[""Domestic Abuse"", ""Safeguarding""]","[""0""]",https://behind-closed-doors.org.uk/training/domestic-abuse-training/,"[""Course""]",Approved,
49,Renters' Rights Act: overview and impact,"The Renters’ Rights Act is set to reform the private housing sector by introducing stronger protections for private tenants against eviction, new rules for private landlords and improved housing standards.
The first provisions of the Act will come into force on 1 May 2026 which includes the end of assured shorthold tenancies and the ban on new section 21 notices.
You’ll learn about the new grounds for possession and notice periods, the new rules for the private rented sector and more.",Shelter,Online,110,Paid,NA,Less than a day,Register on website,CPD Credits,"[""Leeds City Council""]","[""Wider social determinants of Health""]","[""Housing""]",https://england.shelter.org.uk/professional_resources/shelter_training/renters_rights_act/renters_rights_act_overview_impact_course,"[""Course""]",Approved,
50,Religion and Belief,"This training will give a better understanding of:

The term religion and belief as a protected characteristic
How to accommodate diverse religions and beliefs",Leeds Health and Care Academy,Online or Face to Face,0,Free,30-60 mins,Less than an hour,Register on website,Certificate of completion,"[""All""]","[""Culture"", ""Wider social determinants of Health""]","[""religion""]",https://leedshealthandcarelearningportal.org/enrol/index.php?id=177,"[""Course""]",Approved,
51,Reducing health inequalities for patients with limited English,"This course will consider the health inequalities which face patients with limited English proficiency and how we as healthcare professionals can help to overcome these inequalities. It will provide an understanding of the practical, organisational and ethical considerations in delivering care for patients with limited English proficiency.",Royal College of General Practitioners Learning,Online,0,Free,30 minutes,Less than an hour,Register with RCGP website,CPD Credits,"[""All""]","[""Communication"", ""Compassion"", ""Coordination""]","[""Limited English""]",https://elearning.rcgp.org.uk/course/view.php?id=1191,"[""Course""]",Approved,
52,Recognising and Responding to Islamophobia,"This training will give a better understanding of:


Understanding how Islamophobia is defined in the UK context
Recognising common stereotypes, tropes, and narratives about Muslims
Distinguishing between legitimate debate and Islamophobia
Understanding how fear, othering, and collective blame operate
Recognising the everyday impacts of Islamophobia on the Muslim community
Developing confidence to respond as informed and effective allies",Leeds Health and Care Academy,Online or Face to Face,0,Free,30-60 mins,Less than an hour,Register on website,Certificate of completion,"[""All""]","[""Culture"", ""Wider social determinants of Health""]","[""Islamophobia""]",https://leedshealthandcarelearningportal.org/enrol/index.php?id=206,"[""Course""]",Approved,
53,Protecting Children and Vulnerable Adults from Abuse Linked to Faith or Belief,To equip professionals with the knowledge and confidence to recognise and deal with child abuse linked to faith and belief.,National FGM Centre,Online or Face to Face,695,Paid,1/2 day and full day,Less than a day,Book Via Email,CPD Credits,"[""All""]","[""Safeguarding""]","[""Child abuse linked to faith or belief""]",https://nationalfgmcentre.org.uk/wp-content/uploads/2022/09/NFGMC-Training-Booklet.pdf,"[""Course""]",Approved,
54,Professional Certificate in Social Change in Coaching,"Understand the principles of social change and how coaching can be used as a tool for driving positive outcomes
Develop coaching strategies that are tailored to the unique needs of diverse populations and communities
Apply ethical and culturally sensitive coaching practices to promote inclusivity and equity
Evaluate the impact of coaching interventions on social change initiatives
Course structure:
• Introduction to Social Change Coaching
• The Role of the Coach in Social Change
• Understanding Power Dynamics
• Intersectionality and Social Change
• Building Resilience in Social Change Work
• Advocacy and Activism in Coaching
• Ethical Considerations in Social Change Coaching
• Creating Inclusive and Equitable Spaces
• Trauma-Informed Coaching Practices
• Measuring Impact and Success in Social Change Coaching",Leadership School of Business and Administration (LSBA),Online,90,Paid,NA,Less than a year,Register on website,Certificate of completion,"[""All""]","[""Communication"", ""Compassion"", ""Coordination""]","[""Coaching""]",https://lsba.org.uk/Home/CourseDetail?courseId=58733,"[""Course""]",Approved,
55,Professional certificate in core capabilities in clinical practice for adult gender identity healthcare,"Professional certificate in core capabilities in clinical practice for adult gender identity healthcare

Learners who complete this certificate will be able to take a history, provide basic information and describe
the care process. They will learn to facilitate and monitor an individual’s progress whilst working effectively
with a multidisciplinary team (MDT). They will cover professional standards, good governance, and relevant
legislation.",Royal College of Physicians,Online,2000,Paid,3-12 months,Less than a year,Register on website,RCP Professional Certificate,"[""Allied Health Professionals"", ""Doctor"", ""Dentist"", ""Nursing and Midwifery""]","[""Health Inclusion Groups""]","[""LGBTQ+"", ""Trans""]",https://www.rcp.ac.uk/media/rlpfuqip/gih-core-capabilities-certificate-information.pdf,"[""Course""]",Approved,
56,Principles and Concepts of Health Coaching,"This course offers practical, actionable understanding of how to support others in as part of health coaching. By the end of the course, you will have gained knowledge and understanding of:

The approaches to health coaching
The mindset, knowledge, skills and techniques required to use a health coaching approach when working with individuals
The requirements for data protection in health coaching roles
The requirements for duty of care in health coaching roles
How and why the impact of health coaching services are monitored, evaluated and reported",Royal Society for Public Health,Online,64,Paid,variable,Various,Register on website,CPD Credits,"[""All""]","[""Health Promotion""]","[""Health Coaching""]",https://www.rsph.org.uk/qualifications-training/online-courses/principles-and-concepts-of-health-coaching/,"[""Course""]",Approved,
57,Person centered cultures: A Development programme,"The programme will be underpinned by the Person-centred Practice Framework (PCPF) (McCormack and McCance, 2020) and informed by FoNS’s extensive expertise in culture change in health and social care.

Develop skills as facilitative leaders of culture change
Explore and enable the use of effective strategies for creating person-centred workplace cultures
Promote continuous improvement",Foundation of Nursing Studies,Online or Face to Face,0,TBC,12 months,1 Year,Register on website,Alumini of fellowship,"[""Nursing and Midwifery""]","[""Culture""]","[""Person Centred Care""]",https://www.fons.org/programmes-development-opportunities/person-centred-cultures-programme/,"[""Course""]",Approved,
58,Pain medication – A true picture,"Aim:
Gain a better understanding of current issues around painkilling medication, including over-the-counter painkillers.
Objectives:
Understand how a dependency can be formed whilst using this type of drug
Look at the legalities and statistics around drug deaths involving painkilling medication.
Gain knowledge on seeking support around depressant dependency by using trauma-informed interventions.
Understand the harm reduction information.",Forward Leeds,Face to Face,0,Free,0,Less than a day,Register on website,Not Applicable,"[""All""]","[""Health Inclusion Groups""]","[""Illicit Drugs""]",https://www.forwardleeds.co.uk/get-help/training/pain-medication-a-true-picture/,"[""Course""]",Approved,
59,"Oral health promotion of children, young people and adults","If you are part of service or group that has direct contact with the public, this free training will help you to promote effective oral health care for children and adult groups.
Oral Health promotion is delivered by the Oral Health Promotion team of Leeds Community Healthcare.",Leeds Community Healthcare,Online or Face to Face,0,Free,TBC,Less than a day,Book Via Email,Not Applicable,"[""All""]","[""Health Protection""]","[""Child Oral Health""]",https://www.leeds.gov.uk/phrc/public-health-training/public-health-training-for-people-working-in-leeds,"[""Course""]",Approved,
60,Oliver McGowan - Tier 1,"Oliver McGowan - Tier 1
Helps staff understand the care that autistic people and people with a learning disability need.",Leeds Health and Care Academy,Online,0,Free,60 mins,Less than an hour,Register on website,Certificate of completion,"[""All""]","[""Autism and Learning Disabilities""]","[""0""]",https://leedshealthandcarelearningportal.org/course/search.php?search=Oliver,"[""Course""]",Approved,
61,Non-Fatal Strangulation and Suffocation,"Includes:
- What is Non-fatal Strangulation &amp; suffocation (NFS)?
- Prevalence of NFS
- Seriousness of NFS; why professionals need to be aware of the new legislation around this
- Signs &amp; symptoms of NFS
- Potential impacts – immediate &amp; longer-term
- Impact on children witnessing NFS
- Legality and consent issues; increased normalisation, myth busting, and safety
- Advice for non-clinical professionals",Behind Closed Doors,Online,200,Paid,90 mins,Less than a day,Book Via Email,Introductory,"[""All""]","[""Domestic Abuse"", ""Safeguarding""]","[""Non-fatal strangulation and suffocation""]",https://behind-closed-doors.org.uk/training/domestic-abuse-training/,"[""Course""]",Approved,
62,New and Emerging Psychoactive Substances,"Aim:
To increase confidence, skills and knowledge in aspects of new psychoactive substances and emerging drugs.
Objectives:

To look at the effects, risks, and impact of Synthetic Cannabinoid Receptor Agonists (Spice)
An overview of Nitrous Oxide
New emerging trends/risks/concerns
Harm Reduction Messages
To increase awareness of the types of support that individuals and their families can access in Leeds.",Forward Leeds,Face to Face,0,Free,3 hours,Less than a day,Register on website,Not Applicable,"[""All""]","[""Health Inclusion Groups""]","[""Alcohol and/or Drugs"", ""Illicit Drugs""]",https://www.forwardleeds.co.uk/get-help/training/novel-psychoactive-substances/,"[""Course""]",Approved,
63,Neurodiversity: An Introduction,"This training will give a better understanding of:

The meaning of the term ‘neurodiversity’, the various ways that it can impact on people, and an overview of the main associated conditions or differences.
Whether neurodivergence is a disability and the role that external factors play.
The importance of creating reasonable adjustment plans and management performance strategies for neurodivergent thinkers.
The need to support carers of neurodivergent thinkers in the workplace.",Leeds Health and Care Academy,Online,0,Free,30-60 mins,Less than an hour,Register on website,Certificate of completion,"[""All""]","[""Workforce""]","[""Inclusion""]",https://leedshealthandcarelearningportal.org/enrol/index.php?id=36,"[""Course""]",Approved,
64,Narrowing health inequalities in sickle cell disease,"This sickle cell disease session will help you to understand the importance of health inequalities in clinical practice. By the end of the course you should be able to recognise the causes of health inequalities in services for, experiences of, or outcomes among, patients with sickle cell disease. You will then be more able to apply quality improvement methodology to tackle health inequalities in sickle cell disease.",Learning Hub,Online,0,Free,30 minutes,Less than an hour,TBD,Certificate of completion,"[""All""]","[""Health Prevention"", ""Health Promotion"", ""Wider social determinants of Health""]","[""Sickle Cell""]",https://learninghub.nhs.uk/Resource/54522/Item,"[""Course""]",Approved,
65,Modern slavery: First Responders,"As a First Responder you are from an organisation authorised to refer potential victims of modern slavery into the National Referral Mechanism (NRM). Your role is to identify and refer potential victims of modern slavery into support, where appropriate. Doing so will often be challenging and you may have to deal with complex situations.
This programme provides guidance on how to spot the signs of modern slavery, and what to do when you come across a potential victim of modern slavery. This programme aims to give you confidence to follow procedures swiftly and with compassion.",HM Home Office,Online or Face to Face,0,Free,45 mins,Less than an hour,Register on website,Not Applicable,"[""All""]","[""Health Inclusion Groups""]","[""Modern Slavery""]",https://services.devon-cornwall.police.uk/firstrespondertraining/,"[""Course""]",Approved,
66,Modern slavery and human trafficking,"This course gives an overview of modern slavery and human trafficking (MSHT). The training focuses on understanding the legislative framework, with survivors at the centre.
You’ll learn about the impact of legislation, survivor perspectives, and how being culturally competent and responsive to trauma can make a difference.",Shelter,Online,160,Paid,One dauy,Less than a day,Register on website,CPD Credits,"[""All""]","[""Health Inclusion Groups""]","[""Modern Slavery""]",https://england.shelter.org.uk/professional_resources/shelter_training/homelessness_applications/modern_slavery_human_trafficking_course,"[""Course""]",Approved,
67,Migration (various),"Migration Yorkshire provides leadership and coordination, evidence, and practical assistance to organisations from all sectors at local, regional and national level. We believe in improving understanding, supporting the integration of migrants and maximising opportunities for all to create a more equal and enriched society.
Migration Yorkshire is a partnership of councils working across the whole of the Yorkshire and Humber region and is based in Leeds.",Migration Yorkshire,Online or Face to Face,0,Various,various,Various,Register on website,Not Applicable,"[""All""]","[""Health Inclusion Groups""]","[""Asylum Seekers"", ""Refugees""]",https://www.migrationyorkshire.org.uk/migration-support/training,"[""Course""]",Approved,
68,Mental Health for Managers,"This course is designed to transform how managers approach mental health in the workplace. Designed for people leaders, it provides the knowledge and tools needed to respond to stress and poor mental health at work with confidence, empathy, and professionalism.
Delegates will learn how to navigate these challenges while staying aligned with current legislation, to ensure their teams feel supported, safe, and empowered.",Mental Health UK,Online or Face to Face,0,Various,Remote: 3.5 hours or in person: 4 hours,Less than a day,Register on website,0,"[""Manager"", ""Line Manager"", ""Team Leaders""]","[""Mental Health Conditions""]","[""Fundamental Knowledge""]",https://mentalhealth-uk.org/workplace-mental-health-training-and-consultancy/,"[""Course""]",Approved,
69,Mental Health First Aid (MHFA),"Mental Health First Aid is designed and accredited by Mental Health First Aid England (MHFAE), who also train and quality-assure their trainers.

We work with MHFA trainers to provide this training in various versions and formats, including both the Adult and Youth versions.

Example content:


Recognising people experiencing poor mental health
Providing first-level support and early intervention
Encouraging people to identify and access sources of professional help and other support
Boundaries and confidentiality
Self-care",Mental Health UK,Online or Face to Face,0,Various,Remote: 4 x 3.5 hour sessions or in person: 2 x 7 hours sessions,Less than a week,Register on website,Not Applicable,"[""All""]","[""Mental Health Conditions""]","[""Mental Health First Aid""]",https://mentalhealth-uk.org/workplace-mental-health-training-and-consultancy/,"[""Course""]",Approved,
70,Mental Health Champions,"Mental Health Champions are employees who, alongside their regular roles, actively promote mental health awareness through creative peer-led initiatives. This embedded, long-term programme drives cultural change — but to be effective, Champions must have clear role boundaries and operate within a supported network.
We provide tailored training and work with you to define Champions’ responsibilities, set up ongoing peer support, and co-create resources to bolster their initiative efforts
Modules include:

What is a champion?
Your wellbeing
What is mental health?
What is mental illness?
Supportive conversations
Stigma and discrimination
Action planning",Mental Health UK,Online or Face to Face,0,Various,Remote: 3.5 hours or in person: 4 hours,Less than a day,Register on website,Not Applicable,"[""All""]","[""Mental Health Conditions""]","[""Fundamental Knowledge""]",https://mentalhealth-uk.org/workplace-mental-health-training-and-consultancy/,"[""Course""]",Approved,
71,Mental Health Awareness Programme,"This short programme aims to raise mental health awareness amongst healthcare staff. It is designed to give a broad overview of:
what encompasses mental illness, the link between mental and physical health diagnoses and outline some possible treatment options.
These sessions provide all staff working within health care with some general strategies to help support individuals who are worried about their mental health, and advice about where to find extra support.

Perinatal, Mental, Health, Emergency, Medicine, Mental, Health, Healthcare, Professionals, Mental, Health, ACPCP, maternity, midwives, midwifery, maternity support worker, MSW, neonatal",eLfH,Online,0,Free,20 mns,Less than an hour,Register on website,Certificate of completion,"[""Allied Health Professionals"", ""Doctor"", ""Dentist"", ""Nursing and Midwifery""]","[""Mental Health Conditions""]","[""Fundamental Knowledge""]",https://portal.e-lfh.org.uk/Component/Details/421512,"[""Course""]",Approved,
72,Mental Health Awareness,"This entry-level course aims to shift the perspective on mental health and help delegates understand the impact they can have on people affected by mental health problems and
how they can help. It includes:

Your wellbeing
What is mental health?
What is mental illness?
Stigma and discrimination
Supportive conversations",Mental Health UK,Online or Face to Face,95,Various,4 hours,Less than a day,Register on website,Not Applicable,"[""All""]","[""Mental Health Conditions""]","[""Fundamental Knowledge""]",https://mentalhealth-uk.org/workplace-mental-health-training-and-consultancy/,"[""Course""]",Approved,
73,Mental health awareness,"Offering mental health awareness training which is useful for anyone wanting to increase their knowledge of mental health. It includes:

exploring your understanding of ‘mental health’
exploring stigma and the mental health continuum
recognising signs and symptoms of mental ill health
comparing different models of mental health
the Stress Vulnerability Model
helping increase knowledge and skill in having a conversation about?mental health",MindWell,Face to Face,95,Various,4 hours,Less than a day,Register on website,Not Applicable,"[""All""]","[""Mental Health Conditions""]","[""Fundamental Knowledge""]",https://mentalhealth-uk.org/workplace-mental-health-training-and-consultancy/,"[""Course""]",Approved,
74,Mental Health Aware,"This course raises awareness of mental health. It covers:

What mental health is and how to challenge stigma
A basic knowledge of some common mental health issues
An introduction to looking after your own mental health and maintaining wellbeing
Confidence to support someone in distress or who may be experiencing a mental health issue",MHFA England,Online or Face to Face,150,Paid,4 hours,Less than a day,Register on website,Certificate of completion,"[""All""]","[""Mental Health Conditions""]","[""Fundamental Knowledge""]",https://mhfaengland.org/individuals/adult/aware/,"[""Course""]",Approved,
75,Making Every Contact Count (MECC),"Making Every Contact Count (MECC)
Bespoke training is delivered by knowledgeable Public Health specialists in a participatory learning style and is aligned with the council’s 'working with' approach. Training is free for public sector and third sector organisations and normally last between two and three hours and requires a minimum of 10 attendees.",Leeds City Council,Face to Face,0,Free,1 hour,Less than a day,Book Via Email,Certificate of completion,"[""All""]","[""Communication"", ""Compassion"", ""Coordination""]","[""Fundamental Knowledge""]",https://www.leeds.gov.uk/phrc/public-health-training/public-health-training-for-people-working-in-leeds,"[""Course""]",Approved,
76,Making Every Contact Count (MECC),"Making Every Contact Count (MECC)
The MECC e-learning programme is designed to support learners in developing an understanding of public health and the factors that impact on a person’s health and wellbeing. It focuses on how asking questions and listening effectively to people is a vital role for us all.
A MECC interaction takes a matter of minutes and is not intended to add to existing busy workloads, rather it is structured to fit into and complement existing engagement approaches.
MECC is for everyone, it is not restricted to one person, profession or organisation.",eLfH,Online,0,Free,1 hour,Less than a day,Book Via Email,Certificate of completion,"[""All""]","[""Communication"", ""Compassion"", ""Coordination""]","[""Fundamental Knowledge""]",https://www.leeds.gov.uk/phrc/public-health-training/public-health-training-for-people-working-in-leeds,"[""Course""]",Approved,
77,Local connection referrals,"Learn about local connection referrals, including when and how a local authority can refer a homelessness applicant to another area.",Shelter,Online,0,Free,90 mins,Less than a day,Register on website,CPD Credits,"[""Leeds City Council""]","[""Health Inclusion Groups""]","[""Homelessness""]",https://england.shelter.org.uk/professional_resources/shelter_training/homelessness_applications/local_connection_referrals_course,"[""Course""]",Approved,
78,LGBTQ+ Inclusion,"LGBTQ+ Inclusion: This training will give a better understanding of:

Different sexual orientations
Different gender identities and expressions
The importance of using inclusive language",Leeds Health and Care Academy,Online,0,Free,40 mins,Less than an hour,Register on website,Certificate of completion,"[""All""]","[""Communication"", ""Compassion"", ""Coordination""]","[""LGBTQ+""]",https://leedshealthandcarelearningportal.org/enrol/index.php?id=188,"[""Course""]",Approved,
79,LGBT Foundation Training Academy,"Our modules set the foundation for a strong, healthy and inclusive workplace – whether you’re LGBTQ+ yourself and want to see your workplace grow, or you are a business leader and want your customers and staff to have the best experience possible.",LGBT Foundation,Online or Face to Face,0,Various,various,Various,Register on website,Not Applicable,"[""All""]","[""Health Inclusion Groups""]","[""LGBTQ+""]",https://lgbt.foundation/help/our-training-academy/,"[""Course""]",Approved,
80,"LGB, LGBT+, HIV, Chemsex, consent, FGM, healthy relationships, risky behaviour, online safety and STI Awareness.","We offer a variety of different training programmes, including LGB, LGBT+, HIV, Chemsex, consent, FGM, healthy relationships, risky behaviour, online safety and STI Awareness.
We can tailor our LGBT+ sessions to working with young people or working with older LGBT+ people.
We are able to work with individual organisations to meet your specific needs to ensure you get the most out of your training experience.
Training sessions are either 2hrs, 3hrs or full days.",MESMAC,Online or Face to Face,0,Various,various,Various,Register on website,Not Applicable,"[""All""]","[""Health Inclusion Groups""]","[""LGBTQ+""]",https://www.mesmac.co.uk/training,"[""Course""]",Approved,
81,Let’s Talk About Women…,"This innovative session will explore issues relating to women when considering accessing drug and alcohol treatment services.

The evidence around women’s drug and alcohol use
Stigma and barriers
Access to treatment
Hormones and pregnancy
Motherhood and childcard
Women and intermate relationships
Considerations for change
What support is available in Leeds",Forward Leeds,Online,0,Free,0,Less than a day,Register on website,Not Applicable,"[""All""]","[""Health Inclusion Groups""]","[""Alcohol and/or Drugs""]",https://www.forwardleeds.co.uk/get-help/training/lets-talk-about-women/,"[""Course""]",Approved,
82,Leeds Health and Wellbeing Training Programme,"Leeds Health and Wellbeing Training Programme
The course covers the elements and theory of public health, enabling you to understand and deliver the challenging public health agenda.
On this course, you will gain:

an understanding of the history of public health and key concepts and models
an increased awareness and understanding of health inequalities
knowledge on the principles and importance of partnership working
the confidence and skills to search, understand and use data
an understanding of the importance of community development approaches and health needs assessments
an understanding of behaviour change models and principles
knowledge and understanding of evaluation methods and how to incorporate this into practice
time to reflect on your personal effectiveness and learn tools for time management
the opportunity to explore current issues and reflect on your personal practice
awareness of the Public Health Resource Centre and other public health training opportunities",Leeds City Council,Face to Face,80,Paid,"10 weeks, full day sessions",More than a week,Book Via Email,RSPH Accredited,"[""All""]","[""Health Promotion"", ""Health Protection"", ""Wider social determinants of Health""]","[""0""]",https://www.leeds.gov.uk/phrc/public-health-training/leeds-health-and-wellbeing-training-programme,"[""Course""]",Approved,
83,Leading Transformation for Integrated Care,"This development series is based on insights and experience drawn from work with a number of Integrated Care Systems across England. It will explore what partnership working looks like across teams and organisations. What does this mean for leaders? It is co-designed with input from with the NHSLA and local representatives to understand their current challenges and opportunities.
Who leads in a system?
Improving the health of our local communities
Leading alongside your local communities
Rethinking recovery – a systems perspective
Collaborating within your neighbourhood
System Workforce Innovation",NHS NEY Leadership Academy,Online,0,Free,6 hours,Less than a day,Register on website,Not Applicable,"[""Manager"", ""Line Manager"", ""Team Leaders""]","[""Communication"", ""Compassion"", ""Coordination""]","[""Community led services"", ""Neighbourhood""]",https://northeast.leadershipnhs.uk/,"[""Course""]",Approved,
84,Leading for health equity,"Leading for health equity

Understand the basics of good leadership
Have awareness and confidence of what you can bring as a leader
Understand the basics of good leadership
Have awareness and confidence of what you can bring as a leader
Understand the basics of good leadership. Have explored what might be holding you back as a leader and how you can overcome this
Start to think about ways in which you can work with your local team and community to be able to make meaningful changes within your system
Think about specifics things you might want to think about as a leader trying to tackling health inequity",Fairhealth,Online,0,Free,60 mins,Less than an hour,Register on website,Certificate of completion,"[""All""]","[""Communication"", ""Compassion"", ""Coordination""]","[""Leadership""]",https://www.fairhealth.org.uk/course/leading-for-health-equity,"[""Course""]",Approved,
85,Ketamine Awareness Training,"Aim:
Gain a better understanding of current issues around ketamine, it’s use, risks and what support is available.
Objectives:

Greater awareness of the recreational use of ketamine.
Demographics of who is using ket and the risks involved.
Harm reduction advice for using.
Support services for users",Forward Leeds,Online,0,Free,3 hours,Less than a day,Register on website,Not Applicable,"[""All""]","[""Health Inclusion Groups""]","[""Illicit Drugs""]",https://www.forwardleeds.co.uk/get-help/training/new-ketamine-awareness-training/,"[""Course""]",Approved,
86,Introduction to Violence Prevention and Reduction,"This course offers practical guidance on public health approaches to violence prevention and reduction. By the end of the course learners will:

Identify the key policy and legislative drivers for violence prevention and reduction in the workplace.
Understand and describe the individual, situational and environmental factors that can cause violence.
Describe how using public health and trauma informed approaches can prevent violence at individual and community level.
Explore a range of best practice approaches that can be used by individuals, teams and organisations to minimise the risk or impact of violence.",Royal Society for Public Health,Online,30,Paid,1 hour,Less than an hour,Register on website,CPD Credits,"[""All""]","[""Environmental Health"", ""Wider social determinants of Health""]","[""crime"", ""Violence prevention and reduction""]",https://www.rsph.org.uk/qualifications-training/online-courses/introduction-to-violence-prevention-and-reduction/,"[""Course""]",Approved,
87,Introduction to Trauma and Trauma-Informed Support,"Summary: This 2 ½ -hour live CPD-certificated session gives an understanding of the causes and effects of trauma on individuals and how this can inform support.
You will learn:
• how both ""big T"" and ""small T"" events can cause trauma
• immediate and long-term effects of trauma on the brain and body
• how clients you work with may behave as a result of their trauma
• how this understanding can help you support service users and clients
• principles and examples of good trauma-informed practice",Behind Closed Doors,Online,300,Paid,2 1/2 hrs,Less than a day,Book Via Email,Introductory,"[""All""]","[""Mental Health Conditions""]","[""Trauma""]",https://behind-closed-doors.org.uk/training/domestic-abuse-training/,"[""Course""]",Approved,
88,Introduction to possession proceedings for rented housing,Get an introduction to the possession and eviction process for tenants in rented housing.,Shelter,Online,0,Free,90 mins,Less than a day,Register on website,CPD Credits,"[""Leeds City Council""]","[""Wider social determinants of Health""]","[""Housing""]",https://england.shelter.org.uk/professional_resources/shelter_training/possession_and_eviction/possession_proceedings_rented_housing_course,"[""Course""]",Approved,
89,Introduction to Migration,"Recognise different types of migrant groups and different routes of entry to the UK
Interpret the patterns of migration in the local area and the region and the impact this has
Identify some of the key current issues relating to migration
Understand some of the challenges that can affect migrants and communities with migrants and how organisations may respond to some of these challenges",Migration Yorkshire,Online or Face to Face,900,Paid,2.5 (online) or 3.5 (in person),Less than a day,Book Via Email,Not Applicable,"[""All""]","[""Health Inclusion Groups""]","[""Asylum Seekers"", ""Migration"", ""Refugees""]",https://www.migrationyorkshire.org.uk/news/introduction-migration-training,"[""Course""]",Approved,
90,Introduction to housing conditions and disrepair,Get an introduction to the rules on disrepair and housing conditions in rented properties.,Shelter,Online,0,Free,90 mins,Less than a day,Register on website,CPD Credits,"[""Leeds City Council""]","[""Wider social determinants of Health""]","[""Housing""]",https://england.shelter.org.uk/professional_resources/shelter_training/housing_conditions/housing_conditions_and_disrepair_introduction_course,"[""Course""]",Approved,
91,Introduction to Health Protection training,"At this training you will get bitesize information and take part in interactive activities on a range of health protection topics which could include:

adverse weather and the home environment
air quality
antimicrobial resistance (AMR)
infectious diseases such as Tuberculosis
infection prevention measures
life course vaccinations
parasites
sepsis",Leeds City Council,Online or Face to Face,0,Free,TBC,Less than a day,Register on website,Not Applicable,"[""All""]","[""Health Protection""]","[""Fundamental Knowledge""]",https://www.leeds.gov.uk/phrc/public-health-training/public-health-training-for-people-working-in-leeds,"[""Course""]",Approved,
92,Introduction to financial capability and debt advice,"Introduction to financial capability and debt advice
This course covers the positives and negatives of all debt relief options, money management techniques and government assistance in response to the cost of living crisis.",Shelter,Online,110,Paid,half day,Less than a day,Register on website,Not Applicable,"[""All""]","[""Wider social determinants of Health""]","[""Finance""]",https://england.shelter.org.uk/professional_resources/shelter_training/debt/financial_capability_debt_advice_course,"[""Course""]",Approved,
93,Introduction to eligibility for housing assistance,"Introduction to eligibility for housing assistance
Get an overview of housing and homelessness eligibility rules for British nationals, EEA nationals, or people from outside the UK or EEA.",Shelter,Online,0,Free,90 mins,Less than a day,Register on website,CPD Credits,"[""Leeds City Council""]","[""Wider social determinants of Health""]","[""Housing""]",https://england.shelter.org.uk/professional_resources/shelter_training/homelessness_applications/introduction_eligibility_housing_course,"[""Course""]",Approved,
94,Introducing health inequalities in primary care,"1. Describe the concepts of health inequalities, health equity, and explain the ‘Inverse Care Law’.
2. Understand the social determinants of health and the role of healthcare in determining health outcomes
3. Consider the place of primary care in reducing health inequity.",Fairhealth,Online,0,Free,45-60 mins,Less than an hour,Register on website,Certificate of completion,"[""Allied Health Professionals"", ""Community work and engagement"", ""Doctor"", ""Dentist"", ""Nursing and Midwifery""]","[""Health Inequalities""]","[""health Inequalities"", ""Primary Care""]",https://www.fairhealth.org.uk/course/an-intro-to-hi,"[""Course""]",Approved,
95,Inclusive Leadership,"This course will give a better understanding of:

the benefits of being an inclusive organisation
the key traits of inclusive leadership
the skills necessary to become an inclusive leader
why inclusive leaders and inclusive teams are more effective
how to build an inclusive culture
the importance of building inclusive relationships
how tackling the impact of unconscious bias in the workplace leads to better decision-making.",Leeds Health and Care Academy,Online or Face to Face,0,Free,30-60 mins,Less than an hour,Register on website,Certificate of completion,"[""All""]","[""Workforce""]","[""Inclusion""]",https://leedshealthandcarelearningportal.org/enrol/index.php?id=35,"[""Course""]",Approved,
96,Inclusive Language and Communication,"why language and communication are key to creating an inclusive working culture
how exclusive language can impact on relationships, recruitment and motivation
the importance of using respectful language when dealing with people from marginalised or minority groups
why our micro-messages play such a crucial role in inclusive communication.",Leeds Health and Care Academy,Online,0,Free,40 mins,Less than an hour,Register on website,Certificate of completion,"[""All""]","[""Communication"", ""Compassion"", ""Coordination""]","[""Inclusive Language""]",https://leedshealthandcarelearningportal.org/enrol/index.php?id=39,"[""Course""]",Approved,
97,Inclusion health groups,"Inclusion health groups
This module aims to support GP practice staff to fully understand primary care entitlement and improve access for everyone in your local communities.",Training Doctors of the World,Online,0,Free,NA,Less than a week,Register on the Safe Surgeries Website,Certificate of completion,"[""Allied Health Professionals"", ""Community work and engagement"", ""Doctor"", ""Dentist"", ""Nursing and Midwifery""]","[""Health Inclusion Groups""]","[""Safe Surgeries""]",https://training.doctorsoftheworld.org.uk/catalog/info/id:131,"[""Course""]",Approved,
98,Inclusion essentials,"Inclusion essentials

what we mean by an inclusive organisation
the key benefits for organisations and employers who adopt inclusive policies
the various characteristics and minority groups who are at risk from exclusion in the workplace and beyond, and the specific challenges that they may encounter
how to take an inclusive approach that supports all people and makes them feel invested in the team and the organisation
best-practice solutions and strategies to create an inclusive working environment.",Leeds Health and Care Academy,Online,0,Free,90 mins,Less than a day,Register on website,Certificate of completion,"[""All""]","[""Communication"", ""Compassion"", ""Coordination""]","[""Inclusion Health - Basic""]",https://leedshealthandcarelearningportal.org/course/view.php?id=47,"[""Course""]",Approved,
99,"Identifying, Supporting and Protecting Girls and Women from FGM and breast flattening",Aim: To enhance the understanding and skills of all professionals to act appropriately and confidently to protect and support girls who are at risk or have been subjected to FGM and/or breast flattening.,National FGM Centre,Face to Face,695,Paid,1/2 day and full day,Less than a day,Register on website,CPD Credits,"[""All""]","[""Safeguarding""]","[""Breast Flattening"", ""Female Genital Mutilation""]",https://nationalfgmcentre.org.uk/wp-content/uploads/2022/09/NFGMC-Training-Booklet.pdf,"[""Course""]",Approved,
100,How to establish local connection,"Learn how an applicant can establish a local connection in a homeless application, through residence, employment, family, or other special circumstances.",Shelter,Online,0,Free,90 mins,Less than a day,Register on website,CPD Credits,"[""Leeds City Council""]","[""Health Inclusion Groups""]","[""Homelessness""]",https://england.shelter.org.uk/professional_resources/shelter_training/homelessness_applications/how_to_establish_local_connection_course,"[""Course""]",Approved,
101,How to challenge,"This training will give a better understanding of:
*the importance of being able to challenge effectively
*the sort of things we might need to challenge in the workplace
*why we may be reluctant to challenge
*how challenging can support engagement and motivation
*techniques and strategies for mounting an effective challenge
*how to say no and refuse requests that we cannot accommodate
*how to prepare for a challenge.",Leeds Health and Care Academy,Online,0,Free,50 mins,Less than an hour,Register on website,Certificate of completion,"[""All""]","[""Culture""]","[""Workplace Culture""]",https://leedshealthandcarelearningportal.org/enrol/index.php?id=90,"[""Course""]",Approved,
102,How social housing is allocated,Get an overview of how social housing allocations work.,Shelter,Online,0,Free,90 mins,Less than a day,Register on website,CPD Credits,"[""Leeds City Council""]","[""Wider social determinants of Health""]","[""Housing""]",https://england.shelter.org.uk/professional_resources/shelter_training/housing_options/how_social_housing_is_allocated_course,"[""Course""]",Approved,
103,Housing law and advice foundation (Part B),"Housing law and advice foundation (Part B)
This in-depth course covers landlord and tenant law, challenging homelessness decisions, disrepair, harassment, illegal eviction, and domestic abuse.
You’ll learn to identify assignment and succession rights of different tenancy types, advise clients on how to challenge homelessness decisions, and understand the occupation rights of people affected by domestic abuse.",Shelter,Online,340,Paid,4 sessions 2.5 hours each,Less than a week,Register on website,CPD Credits,"[""Leeds City Council""]","[""Wider social determinants of Health""]","[""Housing""]",https://england.shelter.org.uk/professional_resources/shelter_training/housing_law_and_advice_foundation/housing_law_foundation_b_course,"[""Course""]",Approved,
104,Housing duties to young people,Get an overview of the main housing duties owed to young people aged between 16 and 24.,Shelter,Online,0,Free,90 mins,Less than a day,Register on website,CPD Credits,"[""Leeds City Council""]","[""Wider social determinants of Health""]","[""Housing""]",https://england.shelter.org.uk/professional_resources/shelter_training/housing_options/housing_duties_to_young_people_course,"[""Course""]",Approved,
105,Houses in multiple occupation mandatory licenses,Get an overview of house in multiple occupation (HMO) mandatory licencing rules in the private rented sector.,Shelter,Online,0,Free,90 mins,Less than a day,Register on website,CPD Credits,"[""Leeds City Council""]","[""Wider social determinants of Health""]","[""Housing""]",https://england.shelter.org.uk/professional_resources/shelter_training/housing_conditions/houses_in_multiple_occupation_mandatory_licenses_course,"[""Course""]",Approved,
106,Homelessness and Temporary Accommodation,"Homelessness and Temporary Accommodation
Learn about temporary accommodation, including when accommodation must be offered, the rights of occupiers and suitability challenges.",Shelter,Online,0,Free,90 mins,Less than a day,Register on website,CPD Credits,"[""Leeds City Council""]","[""Inclusion Health""]","[""Homelessness""]",https://england.shelter.org.uk/professional_resources/shelter_training/homelessness_applications/homelessness_temporary_accommodation_course,"[""Course""]",Approved,
107,HENRY group facilitation training,"HENRY group facilitation training

facilitation skills to deliver our interactive group programmes using the HENRY approach
building on parents’ strengths
skills and confidence to manage issues that can arise in groups - listening, empathy and solution-focused support
familiarisation with content of our programmes and workshops
introduction to programme manuals and resources
You must have completed the HENRY core training before attending this course.",Leeds City Council,Online or Face to Face,0,Free,2 days,Less than a week,Book Via Email,Certificate of completion,"[""Community work and engagement"", ""Healthcare Support"", ""Care Worker""]","[""Health Protection""]","[""Food""]",https://www.leeds.gov.uk/phrc/public-health-training/public-health-training-for-people-working-in-leeds,"[""Course""]",Approved,
108,"HENRY (Healthy Start, Brighter Future) Core Training","HENRY (Healthy Start, Brighter Future) Core Training
This two day course will help you further the develop skills, knowledge and confidence to support a healthy start in life. It will cover:

the importance of early years for lifelong wellbeing and obesity prevention
risk and protective factors for child obesity and a healthy start
the five elements of a healthy start - parenting, lifestyle habits, nutrition, physical activity and emotional wellbeing
working in partnership with families - a strength-based, solution-focused approach to supporting behaviour change
emotional dimensions of change - links between behaviours, feelings and needs - and the power of empathy as a catalyst for change
national guidance on healthy nutrition and physical activity for babies and young children",Leeds City Council,Online or Face to Face,0,Free,2 days,Less than a week,Book Via Email,Not Applicable,"[""All""]","[""Health Protection""]","[""Food""]",https://www.leeds.gov.uk/phrc/public-health-training/public-health-training-for-people-working-in-leeds,"[""Course""]",Approved,
109,Healthy Weight Coach Training Programme (HWC),"The overall aim of this training programme is to enhance the knowledge and skills of staff working within primary care to support positive changes to people’s health and health behaviours with the aim of promoting a healthier weight. The healthy weight coach is a voluntary role for individuals working within primary care networks, healthcare practices and pharmacies.
The programme consists of eight sessions which all need to be completed to ensure a healthy weight coach has the confidence and knowledge to have effective conversations with adults and be able to support them in their weight loss journey.",eLfH,Online,0,Free,x8 30 min sessions,Less than a day,Register for an eLfH account,Certificate of completion,"[""Allied Health Professionals"", ""Community work and engagement"", ""Doctor"", ""Dentist"", ""Nursing and Midwifery""]","[""Health and Wellbeing"", ""Health Prevention"", ""Health Promotion"", ""Health Protection""]","[""Healthy Weight""]",https://portal.e-lfh.org.uk/Component/Details/742102,"[""Course""]",Approved,
110,Healthy Living Awareness,"Healthy Living Awareness

The benefits of healthy eating, hydration, physical activity and sleep.
The risks to your health if nutrition, hydration, physical activity and sleep do not meet the recommended amounts.
How you can make small changes to move towards a healthier lifestyle.",Leeds Health and Care Academy,Online,0,Free,25 mins,Less than an hour,Register on website,Certificate of completion,"[""All""]","[""Health and Wellbeing"", ""Health Prevention"", ""Health Promotion"", ""Health Protection""]","[""Health Promotion""]",https://leedshealthandcarelearningportal.org/course/view.php?id=179,"[""Course""]",Approved,
111,Health Related Street Outreach,Health related street outreach is the delivery of healthcare or related support to people wherever they are. It aims to reduce health inequalities by bringing care to people who face the greatest barriers to accessing it.,Fairhealth,Online,0,Free,2 hours,Less than a day,Register on website,Certificate of completion,"[""All""]","[""Health Inclusion Groups""]","[""Homelessness""]",https://www.fairhealth.org.uk/course/street-outreach,"[""Course""]",Approved,
112,Health Literacy Awareness,Our one hour health literacy awareness session highlights some of the barriers that affect people’s understanding and use of health information. It also provides tools and resources for healthcare professionals to support patients to make more informed decisions about their healthcare.,Leeds Libraries,Online,0,Free,60 mins,Less than an hour,Register on website,Not Applicable,"[""All""]","[""Health Promotion"", ""Health Protection"", ""Wider social determinants of Health""]","[""Health Literacy - Advanced""]",https://www.leedslibraries.nhs.uk/information-skills-training#c6352,"[""Course""]",Approved,
113,Health Literacy,"Promoting health literacy is everyone’s responsibility. By completing this programme, learners will find out why health literacy is important and how to use some simple techniques including TeachBack, chunk and check, using pictures and simple language to improve how they communicate and check understanding with others. The programme is aimed at the wider public health workforce, particularly in health, social care and the charitable sector. The programme provides an introduction to health literacy, why it is important and the core techniques that can be used to improve health literacy.
Health literacy, literacy, health, TeachBack, chunk and check, patient communication, patient information, shared decision making, universal precautions, self-activation, self-management, wellbeing",eLfH,Online,0,Free,30 mins,Less than an hour,Register for an eLfH account,Not Applicable,"[""All""]","[""Health Prevention"", ""Health Promotion"", ""Wider social determinants of Health""]","[""Health Literacy - basics""]",http://portal.e-lfh.org.uk/Component/Details/601299,"[""Course""]",Approved,
114,Health inequalities and secondary care,"1. Describe the concepts of health inequalities, health inequity, and deprivation.
2. Understand the social determinants of health and the role of healthcare in determining health outcomes
3. Begin to consider the place of secondary care in reducing health inequity.",Fairhealth,Online,0,Free,60 mins,Less than an hour,Register on website,Certificate of completion,"[""All""]","[""Health Inequalities""]","[""Secondary Care""]",https://www.fairhealth.org.uk/course/health-inequalities-secondary-care,"[""Course""]",Approved,
115,Health Inequalities,"This course explores health inequalities; what they are and why they matter to patients, communities and practitioners. The first module offers an introduction to health inequalities which will be relevant to all practitioners in the United Kingdom, as well as an overview of NHS England and Improvement’s Health Inequalities Improvement Programme. In the module on leadership we examine a number of approaches to tackling health inequalities at various levels of influence and with a focus on practical actions to make a difference.",Royal College of General Practitioners Learning,Online,0,Free,45 mins,Less than an hour,Register on website,CPD Credits,"[""All""]","[""Health Inequalities""]","[""Health Equity - basic""]",https://elearning.rcgp.org.uk/enrol/index.php?id=499,"[""Course""]",Approved,
116,Health Equity Assessment Tool,"The Office for Health Improvement &amp; Disparities (OHID) has refreshed the Health Equity Assessment Tool (HEAT) developed by Public Health England (PHE) to enable professionals and communities to systematically identify and address health inequalities and equity in their work programmes or services. This elearning supports the use of the tool, providing the context and purpose, outlining the benefits of using the tool, and taking the learner step-by-step through each stage of the tool. It also provides a general introduction to health inequalities and equity, as well as, examples of good practice.
Alongside this elearning, you may find the tool and additional resources on the OHID HEAT website. For enquiries relating the operation of the tool email HEAT-Tool@DHSC.Gov.UK.",Learning Hub,Online,0,Free,20 minutes,Less than an hour,Register on website,Not Applicable,"[""All""]","[""Health Prevention"", ""Health Promotion"", ""Wider social determinants of Health""]","[""Assessment Tool"", ""HEAT""]",https://learninghub.nhs.uk/catalogue/Health-Equity/about#catalogue-details,"[""Course""]",Approved,
117,Handling challenging situations,"This course covers how to recognise and address challenging situations using strategies developed through psychological theories and relevant case studies.
You’ll learn how to recognise the warning signs of conflict occurring or escalating and use strategies to deal with situations where aggression is escalating.",Shelter,Online or Face to Face,160,Paid,One day,Less than a day,Register on website,CPD Credits,"[""All""]","[""Communication"", ""Compassion"", ""Coordination""]","[""0""]",https://england.shelter.org.uk/professional_resources/shelter_training/professional_skills/handling_challenging_situations_course,"[""Course""]",Approved,
118,Gender Matters,"key provisions of the Equality Act 2010
the impact of gender inequality at work
factors that support and inhibit gender balance at work
specific issues faced by transgender and non-binary people
the benefits of a gender-inclusive workplace
how to build a gender-inclusive culture through organisational change.",Leeds Health and Care Academy,Online or Face to Face,0,Free,30-60 mins,Less than an hour,Register on website,Certificate of completion,"[""All""]","[""Health Inclusion Groups""]","[""LGBTQ+""]",https://leedshealthandcarelearningportal.org/enrol/index.php?id=46,"[""Course""]",Approved,
119,"Food safety, nutrition and hydration for adults","Food safety, nutrition and hydration for adults
If you are a frontline worker, this free one day Healthy Living Training course will enable you to effectively deliver messages around healthy lifestyles, food and physical activity.
This course includes:

common beliefs and influences around food and physical activity
the Eatwell guide
food hygiene
physical activity",Leeds City Council,Online or Face to Face,0,Free,TBC,Less than a day,Register on website,Not Applicable,"[""Leeds City Council""]","[""Health Promotion""]","[""Food""]",https://www.leeds.gov.uk/phrc/public-health-training/public-health-training-for-people-working-in-leeds,"[""Course""]",Approved,
120,FGM Assessment Tool,To enable confident use of the National FGM Centre’s FGM Assessment Tool to enhance professional risk assessments of FGM cases.,National FGM Centre,Face to Face,695,Paid,1/2 day and full day,Less than a day,Register on website,CPD Credits,"[""Leeds City Council""]","[""Safeguarding""]","[""Female Genital Mutilation"", ""FGM""]",https://nationalfgmcentre.org.uk/wp-content/uploads/2022/09/NFGMC-Training-Booklet.pdf,"[""Course""]",Approved,
121,Level 3: Health Equity in Leadership and Management - Fairer Healthier Leeds,"Level 3: Health Equity in Leadership and Management - Fairer Healthier Leeds

Consider how accessible your services are for a diverse population and take practical steps to address any challenges
Work with colleagues from across the Leeds health and care system to share good practice
Use local data to identify trends and inform decisions
Support the wellbeing of our workforce and create healthy workplace cultures
Lead by example, embedding a culture of fairness and equality in our teams
Create a practical, achievable plan to take back in to the workplace",Leeds Health and Care Academy,Face to Face,0,Free,0,Less than a day,Register on website,Certificate of completion,"[""All"", ""Manager"", ""Line Manager"", ""Team Leaders""]","[""Health Prevention"", ""Health Promotion"", ""Wider social determinants of Health""]","[""health Inequalities""]",https://leedshealthandcarelearningportal.org/course/view.php?id=202,"[""Course""]",Approved,
122,Level 2: Health Equity in Public Facing Roles - Fairer Healthier Leeds,"Level 2: Health Equity in Public Facing Roles - Fairer Healthier Leeds

Gain an understanding of how health inequalities can show up in our workplaces
Understand the impact of health inequalities on individuals and communities
Increase confidence in discussing sensitive subjects
Explore practical skills to support our every day interactions that can really make a difference without needing a great deal of time or resource.",Leeds Health and Care Academy,Face to Face,0,Free,0,Less than a day,Register on website,Certificate of completion,"[""All""]","[""Health Prevention"", ""Health Protection"", ""Wider social determinants of Health""]","[""health Inequalities""]",https://leedshealthandcarelearningportal.org/course/view.php?id=201,"[""Course""]",Approved,
123,Level 1: Essential Health Equity Knowledge - Fairer Healthier Leeds,"Level 1: Essential Health Equity Knowledge - Fairer Healthier Leeds
Some people experience poor health because of factors beyond their control. Through your work in health and social care, you help make Leeds a fairer and healthier city.
This e-learning module which will raise awareness of health inequalities in Leeds, the impact they have and how they can be addressed.
This is a short animated film followed by a brief knowledge test, once you have completed them you can access a certificate.
&nbsp;",Leeds Health and Care Academy,Online,0,Free,0,Less than an hour,Register on website,Certificate of completion,"[""All""]","[""Health Prevention"", ""Health Promotion"", ""Wider social determinants of Health""]","[""health Inequalities""]",https://leedshealthandcarelearningportal.org/course/view.php?id=210,"[""Course""]",Approved,
124,Facing Anger and Emotion,"how the fight or flight response affects our reactions to situations
how arguments can escalate and why it’s important not to meet anger with anger
the importance of using the right language and tone of voice when dealing with someone who is angry or emotional
strategies for defusing emotionally charged situations and taking control.",Leeds Health and Care Academy,Online,0,Free,0,Less than an hour,Register on website,Not Applicable,"[""All""]","[""Communication"", ""Compassion"", ""Coordination""]","[""Anger""]",https://leedshealthandcarelearningportal.org/course/view.php?id=75,"[""Course""]",Approved,
125,Encouraging Vaccination Uptake,"Through this course, you will be equipped with all the information you need to raise awareness and build support for vaccination programmes, including:


How vaccination programmes provide protection for both individuals and the wider community
Individual and societal factors that can lead to concerns or hesitancy about vaccines, and sources of reliable information
How to use behaviour change techniques to have conversations about vaccines and support individuals making the decision to receive a vaccination",Royal Society for Public Health,Online,150,Paid,7 hours,Less than a day,Register on website,CPD Credits,"[""Allied Health Professionals"", ""Community work and engagement"", ""Doctor"", ""Dentist"", ""Nursing and Midwifery""]","[""Health Promotion""]","[""Immunisations"", ""Vaccination""]",https://www.rsph.org.uk/qualifications-training/online-courses/level-2-encouraging-vaccination-uptake/,"[""Course""]",Approved,
126,Eligibility for housing assistance for non UK and EEA nationals,Learn when a non UK national from outside the EEA might be eligible for housing or homelessness assistance.,Shelter,Online,0,Free,90 mins,Less than a day,Register on website,CPD Credits,"[""Leeds City Council""]","[""Health Inclusion Groups""]","[""Asylum Seekers"", ""Migrants"", ""Migration""]",https://england.shelter.org.uk/professional_resources/shelter_training/homelessness_applications/eligibility_for_housing_assistance_nonuk_nationals_course,"[""Course""]",Approved,
127,Eligibility for housing assistance for EEA nationals,Learn when an EEA national and their family members might be eligible for housing and homelessness assistance.,Shelter,Online,0,Free,90 mins,Less than a day,Register on website,CPD Credits,"[""Leeds City Council""]","[""Wider social determinants of Health""]","[""Housing""]",https://england.shelter.org.uk/professional_resources/shelter_training/homelessness_applications/eligibility_for_housing_assistance_eea_nationals_course,"[""Course""]",Approved,
128,Effective Therapeutic Support for Asylum Seekers,"Effective Therapeutic Support for Asylum Seekers
It is the second in our series of eLearning courses, following on from Understanding Refugee and Asylum Seeker Mental Health and Wellbeing, which offers an overview of the global and UK refugee context along with a range of relevant factors impacting the lives of asylum seekers and refugees.
If you do not have a foundation level of understanding of the background of the asylum process in the UK and implications for those in that system, then you will need to complete course 1 before you proceed.",Solace,Online,0,Free,9 Modules,Less than a week,Register on website,Certificate of completion,"[""All""]","[""Health Inclusion Groups""]","[""Asylum Seekers"", ""Refugees""]",https://www.solace-uk.org.uk/training/courses/effective-therapeutic-support-for-asylum-seekers,"[""Course""]",Approved,
129,Drugs and alcohol training programme - Forward Leeds,"Increased awareness of brief Interventions
Provide some basic tools and worksheets
How to refer into alcohol or drug services
Where to access leaflets and information
An increase in substance-specific awareness",Forward Leeds,Online or Face to Face,0,Free,NA,Less than a day,Register on website,Certificate of completion,"[""Leeds City Council""]","[""Health Inclusion Groups""]","[""Alcohol and/or Drugs""]",https://www.forwardleeds.co.uk/get-help/training/#ListOfCourses,"[""Course""]",Approved,
130,Drug and Alcohol Awareness Training,"Drug and Alcohol Awareness Training

Understand UK drug and alcohol laws and current trends
Identify categories of psychoactive substances
Recognise physical and psychological effects
Explore the cycle of change and treatment goals
Apply brief interventions and signpost to specialist services",Inspire North,Face to Face,99,Paid,1 day,Less than a day,Register on website,Certificate of completion,"[""All""]","[""Health Inclusion Groups""]","[""Alcohol and/or Drugs""]",https://www.inspirenorth.co.uk/training/learning-and-development/dral/,"[""Course""]",Approved,
131,Domestic Violence and Abuse: The Essentials,"½-day CPD-certificated interactive workshop delivered live across zoom. Covers the essential information everyone who works with members of the public should know about domestic violence and abuse in order to identify it and offer appropriate support.
By the end of the session, you will be able to:
• Understand the statutory definition of domestic abuse under the 2021 DA Act
• Identify the different areas of abuse
• Give examples of different types of abuse
• Recognise the complex dynamics of an abusive relationship, including why people don’t leave
• Recognise some key signs and symptoms of domestic violence and abuse
• Identify potential cases of domestic violence and abuse amongst the people you work with
• Appropriately discuss and address domestic violence and abuse with individuals who may be affected",Behind Closed Doors,Online,30,Paid,3 1/2 hours,Less than a day,0,Introductory,"[""All""]","[""Domestic Abuse"", ""Safeguarding""]","[""Domestic Abuse""]",https://behind-closed-doors.org.uk/training/domestic-abuse-training/,"[""Course""]",Approved,
132,Domestic Abuse: Supporting Employees in the Workplace,"the different types of domestic abuse
the prevalence and impact of domestic abuse
common myths and misconceptions around domestic abuse and the stigma that exists around it
why those experiencing abuse may be unwilling to disclose it or seek help
why certain minority and marginalised groups can face additional barriers to disclosing abuse or accessing support
how to recognise when domestic abuse may be occurring
how to have workplace conversations about domestic abuse
how to take effective action if someone discloses abuse
how to create a workplace domestic violence and abuse policy.",Leeds Health and Care Academy,Online,0,Free,45 mins,Less than an hour,Register on website,Not Applicable,"[""All""]","[""Culture""]","[""Domestic Violence"", ""Workplace Culture""]",https://leedshealthandcarelearningportal.org/enrol/index.php?id=72,"[""Course""]",Approved,
133,Domestic Abuse: Honour Based Abuse and Forced Marriage,"Understand what we mean by Honour Based Abuse (including virginity testing and hymenoplasty)
Recognise the signs and indicators of HBA and FM
Understand which behaviours may be deemed as dishonourable
Identify the barriers to reporting these types of abuse
Distinguish between an arranged marriage and a forced marriage
Understand what is Child Marriage
Understand forced marriage for Adults with Care and Support Needs
Improve your knowledge on Forced Marriage Legislation and Forced Marriage Protection Orders (FMPO)
Learn about good practice when speaking to a victim/survivor of HBA and FM

Domestic Abuse",Leeds City Council,Online or Face to Face,0,Free,0,Less than a day,Register on website,Not Applicable,"[""All""]","[""Domestic Abuse"", ""Safeguarding""]","[""Honour Based Abuse""]",https://events.teams.microsoft.com/event/1b31e791-eb1f-4835-a266-ff5a04b0c403@16864fae-286e-4707-a78b-d7188d6149a7,"[""Course""]",Approved,
134,Disability Confidence,"This training will give a better understanding of:

the advantages of being disability confident
why we may need to challenge our attitudes to disability
the requirements of the Equality Act 2010 with regards to disabled people
the most appropriate ways to work with disabled colleagues and how to communicate with and serve disabled customers
the types of ‘reasonable adjustments’ that need to be made for staff and customers with disabilities
the importance of promoting appropriate behaviour in relation to deliberate bullying and harassment
the knowledge and skills necessary to work successfully as part of a diverse team.",Leeds Health and Care Academy,Online or Face to Face,0,Free,30-60 mins,Less than an hour,Register on website,Certificate of completion,"[""All""]","[""Wider social determinants of Health""]","[""Disability""]",https://leedshealthandcarelearningportal.org/enrol/index.php?id=52,"[""Course""]",Approved,
135,Diagnosing breast cancer in Black women,"This course aims to inform GPs about the experiences of Black women with breast cancer. It explores the specific risk factors, challenges related to timely diagnosis, and the lived experience of Black women during the diagnosis process. The course will also address the social and cultural barriers to healthcare, using case studies to support GPs develop culturally sensitive and effective approaches to care.",Royal College of General Practitioners Learning,Online,0,Free,30 minutes,Less than an hour,Register on website,CPD Credits,"[""Doctor"", ""Dentist""]","[""0""]","[""Black Women"", ""Breast Cancer""]",https://elearning.rcgp.org.uk/course/view.php?id=891,"[""Course""]",Approved,
136,Demystifying data,"Demystifying data

Performing a health needs assessment in Primary Care.
Understand a range of data tools available to primary care to segment or stratify your population by healthcare access and outcomes
Be able to manipulate data outputs from data tools linked to your population
Identify a potential population experiencing health inequity where an intervention could be delivered locally.
Implement links between service providers in your primary care landscape to tackle the identified health inequality locally.",Fairhealth,Online,0,Free,1-2 hours,Less than a day,Register on website,Certificate of completion,"[""Allied Health Professionals"", ""Community work and engagement"", ""Doctor"", ""Dentist"", ""Nursing and Midwifery""]","[""Data""]","[""data"", ""Health Needs Assessment""]",https://www.fairhealth.org.uk/course/demystifying-data,"[""Course""]",Approved,
137,Dealing With Sensitive Issues: Overview,"Dealing With Sensitive Issues: Overview

The importance of taking action early to stop issues from escalating
How to broach personal issues and address them sensitively and effectively
Considerations around employees' privacy and confidentiality
Key legal considerations for employers when dealing with sensitive issues at work",Leeds Health and Care Academy,Online,0,Free,40 mins,Less than an hour,Register on website,Certificate of completion,"[""All""]","[""Communication"", ""Compassion"", ""Coordination""]","[""Sensitive topics""]",https://leedshealthandcarelearningportal.org/enrol/index.php?id=98,"[""Course""]",Approved,
138,Dealing With Sensitive Issues: Alcohol,"Dealing With Sensitive Issues: Alcohol

why alcohol misuse can cause problems in the workplace
when it’s time to intervene
how to broach the subject and address it effectively
legal considerations for employers when drawing up alcohol policies and dealing with problematic drinking.",Leeds Health and Care Academy,Online,0,Free,40 mins,Less than an hour,Register on website,Certificate of completion,"[""All""]","[""Communication"", ""Compassion"", ""Coordination""]","[""Alcohol"", ""Sensitive topics""]",https://leedshealthandcarelearningportal.org/course/view.php?id=91,"[""Course""]",Approved,
139,Dealing with landlord harassment and unlawful eviction,"Learn about landlord harassment and unlawful eviction, and the potential remedies available to tenants.",Shelter,Online,0,Free,90 mins,Less than a day,Register on website,CPD Credits,"[""Leeds City Council""]","[""Wider social determinants of Health""]","[""Housing""]",https://england.shelter.org.uk/professional_resources/shelter_training/possession_and_eviction/landlord_harassment_unlawful_eviction_course,"[""Course""]",Approved,
140,Cultural awareness in the workplace,"Cultural awareness in the workplace

why our cultural background is a fundamental part of our identity
how communication styles and body language can vary between cultures
how bias and stereotypes can lead us to make wrong assumptions about people from different cultures
the law regarding discrimination and harassment on the grounds of race and religion or belief
how to work successfully as part of a diverse team.",Leeds Health and Care Academy,Online,0,Free,60 mins,Less than an hour,Register on website,Certificate of completion,"[""All""]","[""Culture""]","[""Cultural Awareness""]",https://leedshealthandcarelearningportal.org/course/view.php?id=53,"[""Course""]",Approved,
141,Creating an Environment Based on Respect,"Creating an Environment Based on Respect
This course will give a better understanding of:

How victims can take effective action to confront people who are bullying and harassing them
What bystanders can do to intervene and challenge unacceptable behaviour
The importance of supporting colleagues who are being bullied and harassed
The responsibility of managers and team leaders to deal with the issue of inappropriate behaviour robustly and effectively",Leeds Health and Care Academy,Online,0,Free,30-60 mins,Less than an hour,Register on website,Certificate of completion,"[""All""]","[""Workforce""]","[""Inclusion""]",https://leedshealthandcarelearningportal.org/enrol/index.php?id=56,"[""Course""]",Approved,
142,Core20Plus5 - Narrowing health inequalities in hypertension,Hypertension is the single biggest risk factor for hospitalisation and mortality from myocardial infarction and stroke. This session will discuss the health inequalities experienced in hypertension care and the role of the healthcare professional in narrowing that gap.,Learning Hub,Online,0,Free,0,Less than an hour,Register on website,Not Applicable,"[""All""]","[""Health Prevention"", ""Health Promotion"", ""Wider social determinants of Health""]","[""Core20Plus5""]",https://learninghub.nhs.uk/Resource/54532/Item,"[""Course""]",Approved,
143,Core20Plus5 - Narrowing health inequalities in severe mental illness (SMI),"People with severe mental illness have psychological problems that may severely impact on their ability to engage in functional and occupational activities. SMIs include schizophrenia, bipolar disorder and other psychoses. This session will look at the importance of health inequalities in clinical practice. It will also look at the causes of healthcare inequalities in access, experience or outcomes among patients with mental health issues.",Learning Hub,Online,0,Free,30 minutes,Less than an hour,Register on website,Certificate of completion,"[""All""]","[""Health Prevention"", ""Health Promotion"", ""Wider social determinants of Health""]","[""Core20Plus5""]",https://learninghub.nhs.uk/Resource/54524/Item,"[""Course""]",Approved,
144,Core20Plus5 - Narrowing health inequalities in maternity,Premature births and complications during pregnancy increase the risk of stillbirths and maternal mortality. This session will discuss the health inequalities experienced in maternity care and the role of the healthcare professional in narrowing that gap.,Learning Hub,Online,0,Free,30 minutes,Less than an hour,Register on website,Certificate of completion,"[""All""]","[""Health Prevention"", ""Health Promotion"", ""Wider social determinants of Health""]","[""Core20Plus5""]",https://learninghub.nhs.uk/Resource/54526/Item,"[""Course""]",Approved,
145,Core20Plus5 - Narrowing health inequalities in early cancer diagnosis,"Cancer is one of the biggest contributors to the life expectancy inequality gap between the most and least deprived regions. Early presentation, referral, screening and diagnosis will reduce emergency presentations and mortality from cancer. This session will discuss the health inequalities experienced in cancer care and the role of the healthcare professional in narrowing that gap.",Learning Hub,Online,0,Free,30 minutes,Less than an hour,Register on website,Certificate of completion,"[""All""]","[""Health Prevention"", ""Health Promotion"", ""Wider social determinants of Health""]","[""Core20Plus5""]",https://learninghub.nhs.uk/Resource/54530/Item,"[""Course""]",Approved,
146,Core20Plus5 - Narrowing health inequalities in chronic respiratory disease,"Chronic respiratory disease is one of the biggest contributors to the life expectancy inequality gap between the most and least deprived regions. This session will look at the importance of health inequalities in clinical practice. It will also look at the causes of healthcare inequalities in access, experience or outcomes among patients with chronic respiratory disease.",Learning Hub,Online,0,Free,30 minutes,Less than an hour,Register on website,Certificate of completion,"[""All""]","[""Health Prevention"", ""Health Promotion"", ""Wider social determinants of Health""]","[""Core20Plus5""]",https://learninghub.nhs.uk/Resource/54528/Item,"[""Course""]",Approved,
147,Community is the best medicine,The aim of this module is to enable primary care clinicians to understand the impact of community assets and deficits on peoples lives and the potential of their own role as members of a community to help address the social determinants of health,Fairhealth,Online,0,Free,60 mins,Less than an hour,Register on website,Certificate of completion,"[""Allied Health Professionals"", ""Community work and engagement"", ""Doctor"", ""Dentist"", ""Nursing and Midwifery""]","[""Communication"", ""Compassion"", ""Coordination""]","[""Core20Plus5""]",https://www.fairhealth.org.uk/course/community-is-the-best-medicine,"[""Course""]",Approved,
148,Climate health equity,"The impacts of climate change are not fairly distributed amongst our community. They are amplified by other determinants of health, such as poor housing, and generally affect the most deprived in society more, despite this cohort usually contributing least to the problem. This course delivers an understanding of what climate health equity is and how those most vulnerable are impacted. It describes practical steps that GPs and primary healthcare teams can take to counteract the damaging effects of climate on their patients’ health, in the context of the wider determinants of health. This course falls within the Evidence based practice, research and sharing knowledge curriculum field.",Royal College of General Practitioners Learning,Online,0,Free,15 mins,Less than an hour,Register on website,CPD Credits,"[""All""]","[""Health Prevention"", ""Health Promotion"", ""Wider social determinants of Health""]","[""Climate Change""]",https://elearning.rcgp.org.uk/course/view.php?id=1200,"[""Course""]",Approved,
149,Challenging Behaviour,"Challenging Behaviour

Why certain behaviours are inappropriate
What constitutes bullying and harassment and the damage it can cause to your organisation
The legal responsibilities of employers and employees with regards to bullying and harassment under the Equality Act 2010
How to identify and respond to bullying and harassment in the workplace
The skills necessary to work successfully as part of a diverse team.",Leeds Health and Care Academy,Online,0,Free,40 mins,Less than an hour,Register on website,Not Applicable,"[""All""]","[""Communication"", ""Compassion"", ""Coordination""]","[""Challenging Behaviour""]",https://leedshealthandcarelearningportal.org/enrol/index.php?id=62,"[""Course""]",Approved,
150,Cannabis and THC vapes,"Cannabis and THC vapes
Aim: The course aims to build practitioners’ knowledge, skills and confidence to address and reduce harm from cannabis misuse
Objectives:

To provide practitioners with information on cannabis use.
For participants to gain knowledge about the effects of cannabis.
To provide resources and techniques to build confidence in offering support and brief advice for people affected by cannabis use.
To increase awareness of the types of support and services available to individuals and their families who are affected by cannabis use.",Forward Leeds,Online,0,Free,3 hours,Less than a day,Register on website,Not Applicable,"[""All""]","[""Health Inclusion Groups""]","[""Illicit Drugs""]",https://www.forwardleeds.co.uk/get-help/training/cannabis-the-current-picture/,"[""Course""]",Approved,
151,Building trust,"This training will give a better understanding of:

how and why trust develops
the difference between cognitive, emotional and transactional trust
why building and sustaining trust is a key skill for leaders
the impact of a breakdown or lack of trust
the importance of perspective-taking and empathy
steps we can take to improve our own ability to build and maintain trust.",Leeds Health and Care Academy,Online,0,Free,40 mins,Less than an hour,Register on website,Not Applicable,"[""All""]","[""Communication"", ""Compassion"", ""Coordination""]","[""Building Trust""]",https://leedshealthandcarelearningportal.org/course/view.php?id=96,"[""Course""]",Approved,
152,Best practice on using the motivational interviewing technique FRAMES,Using case studies we will explore how to use FRAMES model in practice/ How motivational interviewing can effectively work in substance/alcohol use.,Forward Leeds,Face to Face,0,Free,3 hours,Less than a day,Register on website,Not Applicable,"[""All""]","[""Health Inclusion Groups""]","[""Alcohol and/or Drugs""]",https://www.forwardleeds.co.uk/get-help/training/best-practice-on-using-the-motivational-interviewing-technique-frames/,"[""Course""]",Approved,
153,Behaviour Change Literacy - Workforce Leaders Part 3: How to Support Your Teams to Do It,Behaviour Change Literacy - Workforce Leaders &gt; Behaviour Change Literacy - Workforce Leaders Part 3: How to Support Your Teams to Do It,eLfH,Online,0,Free,15 mins,Less than an hour,Register for an eLfH account,Not Applicable,"[""Manager"", ""Line Manager"", ""Team Leaders""]","[""Communication"", ""Compassion"", ""Coordination""]","[""Behaviour Change""]",https://portal.e-lfh.org.uk/Component/Details/595679,"[""Course""]",Approved,
154,Behaviour Change Literacy - Workforce Leaders Part 2: How Do You Do It?,Behaviour Change Literacy - Workforce Leaders &gt; Behaviour Change Literacy - Workforce Leaders Part 2: How Do You Do It?,eLfH,Online,0,Free,15 mins,Less than an hour,Register for an eLfH account,Not Applicable,"[""Manager"", ""Line Manager"", ""Team Leaders""]","[""Communication"", ""Compassion"", ""Coordination""]","[""Behaviour Change""]",https://portal.e-lfh.org.uk/Component/Details/595676,"[""Course""]",Approved,
155,Behaviour Change Literacy - Workforce Leaders Part 1: What is Behaviour Change and Why Is It Important?,Behaviour Change Literacy - Workforce Leaders &gt; Behaviour Change Literacy - Workforce Leaders Part 1: What is Behaviour Change and Why Is It Important?,eLfH,Online,0,Free,15 mins,Less than an hour,Register for an eLfH account,Not Applicable,"[""Manager"", ""Line Manager"", ""Team Leaders""]","[""Communication""]","[""Behaviour Change""]",https://portal.e-lfh.org.uk/Component/Details/595673,"[""Course""]",Approved,
156,Basic Awareness of Substances and Mental Health,"Aim:

To increase confidence and skills in the identification of substance use and links to mild/low level Mental Health.

Objectives:


To explore good practice when working with co-occurring issues
To gain an understanding of a variety of substances that are used and misused.
To look at what factors contribute to Mental Health issues?
Initial Steps- Guided self help
To review harm reduction around substance use.
To increase awareness of the types of support that individuals and their families can access in Leeds",Forward Leeds,Online,0,Free,3 hours,Less than a day,Register on website,Not Applicable,"[""All""]","[""Health Inclusion Groups"", ""Mental Health Conditions""]","[""Alcohol and/or Drugs""]",https://www.forwardleeds.co.uk/get-help/training/introduction-to-substance-use-and-mental-health/,"[""Course""]",Approved,
157,Barriers to homelessness advice and support,"Learn about the barriers faced by homeless people who approach a local authority for help, and consider how to reduce these barriers.
Barriers to homelessness advice and support",Shelter,Online,0,Free,90 mins,Less than a day,Register on website,CPD Credits,"[""Leeds City Council""]","[""Health Inclusion Groups""]","[""Homelessness""]",https://england.shelter.org.uk/professional_resources/shelter_training/homelessness_applications/barriers_to_homelessness_advice_course,"[""Course""]",Approved,
158,Banter in the Workplace,"This course will give a better understanding of:

the nature of workplace banter
the importance of respect at work
when workplace banter can be unlawful
the risk of discrimination, bullying and harassment claims arising from inappropriate banter
what organisations can do to prevent banter from becoming a problem in the workplace.",Leeds Health and Care Academy,Online or Face to Face,0,Free,30-60 mins,Less than an hour,Register on website,Certificate of completion,"[""All""]","[""Workforce""]","[""Inclusion""]",https://leedshealthandcarelearningportal.org/enrol/index.php?id=65,"[""Course""]",Approved,
159,Award in Supporting Climate-related Behaviour Change,"By completing this course, you will come away with practical, actionable understanding of how to support climate-related behaviour change, including:

Understand the key features of the climate emergency and its impact on health
Understand how effective communication can support the delivery of messages around climate-related behaviour change
Know how to promote climate-related behaviour change
Understand how to support individuals and communities to undertake climate-related behaviour change",Royal Society for Public Health,Online,64,Paid,NA,Less than a day,Register on website,CPD Credits,"[""All""]","[""Environmental Health"", ""Health Promotion"", ""Health Protection""]","[""Behaviour Change""]",https://www.rsph.org.uk/qualifications-training/online-courses/level-2-award-in-supporting-climate-related-behaviour-change/,"[""Course""]",Approved,
160,Awaab's law: hazards in social housing,"This course covers how Awaab's law will affect social landlords' legal responsibilities to ensure safe housing conditions, manage hazards and meet new electrical safety requirements.",Shelter,Online or Face to Face,90,Paid,2 hours,Less than a day,Register on website,CPD Credits,"[""Leeds City Council""]","[""Wider social determinants of Health""]","[""Housing""]",https://england.shelter.org.uk/professional_resources/shelter_training/housing_conditions/awaabs_law_hazards_social_housing_course,"[""Course""]",Approved,
161,"Autism, Self-Harm & Mental Health","For professionals, the training offers in-depth insight into autism, self-harm and mental health, helping to build understanding and practical approaches to supporting autistic people in a holistic, person-centred, trauma-informed way. It includes:

what causes autism and how it presents
pros and cons of getting an autism diagnosis
support needs, masking, and managing sensory overload
why autistic people are at higher risk of experiencing mental health challenges and self-harm (including eating disorders)
autism and LGBT+",Battle Scars,Online or Face to Face,0,Various,3.5 hours,Less than a day,Register on website,Certificate of completion,"[""All""]","[""Autism and Learning Disabilities"", ""Mental Health Conditions""]","[""Self Harm""]",https://www.battle-scars-self-harm.org.uk/autism-self-harm--mental-health.html,"[""Course""]",Approved,
162,Autism in inclusion health,"Autism in inclusion health
There is increasing evidence that autistic people are likely to be in inclusion health groups at a higher proportion than they are in the general population, and that they face a lack of understanding from staff. They also face significant additional barriers to accessing appropriate care alongside a high level of physical and mental health need.",Fairhealth,Online,0,Free,60 mins,0,Register on website,Certificate of completion,"[""All""]","[""Health Inclusion Groups""]","[""Autism""]",https://www.fairhealth.org.uk/course/autism,"[""Course""]",Approved,
163,All Our Health: Vulnerabilities and trauma-informed practice,"This is a bite-sized session to give health and care professionals an overview of vulnerabilities across the life course - including key evidence, data and signposting to trusted resources to help prevent illness, protect health and promote wellbeing.
Vulnerabilities, risk factor, protective factor, vulnerable background, trauma, trauma-informed practice, support
&nbsp;",eLfH,Online,0,Free,>1 hour,Less than an hour,Register for an eLfH account,Not Applicable,"[""All""]","[""Communication""]","[""Adversity"", ""Resilience"", ""Trauma""]",https://portal.e-lfh.org.uk/Component/Details/748874,"[""Course""]",Approved,
164,Asylum Seekers/Refugees,"Solace’s eLearning courses are a culmination of over 15 years of practice supporting asylum seekers with their wellbeing and mental health.
Refugees.",Solace,Online,0,Free,30 mins,Less than an hour,Register on website,Not Applicable,"[""All""]","[""Health Inclusion Groups""]","[""Asylum Seekers"", ""Refugees""]",https://www.solace-uk.org.uk/training,"[""Course""]",Approved,
165,Assured shorthold tenancies: section 21 notices,Learn how a landlord can end an assured shorthold tenancy (AST) by serving the tenant with a section 21 notice.,Shelter,Online,0,Free,90 mins,Less than a day,Register on website,CPD Credits,"[""Leeds City Council""]","[""Wider social determinants of Health""]","[""Housing""]",https://england.shelter.org.uk/professional_resources/shelter_training/possession_and_eviction/assured_shorthold_tenancies_section_21_course,"[""Course""]",Approved,
166,Assisting non UK nationals with homeless assistance,Learn about what homelessness assistance might be provided for non UK nationals with no recourse to public funds (NRPF).,Shelter,Online,0,Free,90 mins,Less than a day,Register on website,CPD Credits,"[""Leeds City Council""]","[""Health Inclusion Groups""]","[""Homelessness"", ""Migrants""]",https://england.shelter.org.uk/professional_resources/shelter_training/homelessness_applications/assisting_non_uk_nationals_course,"[""Course""]",Approved,
167,Assertiveness,"Assertiveness

This course will provide staff with the skills needed to confidently ask for what they want and disagree with others while staying assertive.
You’ll learn practical strategies to increase the effectiveness of working relationships by becoming more assertive.",Shelter,Online,110,Paid,half day,Less than a day,Register on website,CPD Credits,"[""All""]","[""Communication""]","[""0""]",https://england.shelter.org.uk/professional_resources/shelter_training/professional_skills/assertiveness_course,"[""Course""]",Approved,
168,"An introduction to Stress & Trauma, Vicarious Trauma and Vicarious Resilience","To understand stress &amp; trauma and how it can impact us
To define vicarious trauma, compassion fatigue, burnout, resilience and vicarious resilience
To identify risk factors for developing vicarious trauma
To identify strategies that enhance both personal and professional resilience",Solace,Online or Face to Face,0,Paid,2.5 hours,Less than a day,Register on website,Certificate of completion,"[""All""]","[""Health Inclusion Groups""]","[""Asylum Seekers"", ""Refugees""]",https://www.solace-uk.org.uk/training/specialist_training/wellbeing-at-work-an-introduction-to-stress-trauma-vicarious-trauma-and-vicarious-resilience,"[""Course""]",Approved,
169,An Introduction to Intersectionality,"An Introduction to Intersectionality

How personal characteristics such as our race, social class, sex or religion intersect to produce multiple and overlapping forms of bias and discrimination
What we mean by the term ‘privilege’ and why it is intersectional
The key benefits for organisations and employers of taking an intersectional approach
How to collect and analyse data in a way that supports the application of an intersectional lens
How to take an intersectional approach to diversity and inclusion practice.",Leeds Health and Care Academy,Online or Face to Face,0,Free,30-60 mins,Less than an hour,Register on website,Certificate of completion,"[""All""]","[""Workforce""]","[""Inclusion""]",https://leedshealthandcarelearningportal.org/course/view.php?id=107,"[""Course""]",Approved,
170,An introduction to inclusion health,"Inclusion health is a service, research, and policy agenda that seeks to address health inequalities among groups of patients who experience social exclusion. Some of these patients will have multiple risk factors for poor health, such as poverty, violence and complex trauma, and/or will have experienced stigma and discrimination. This can lead to poor health outcomes. This module will help you to understand what inclusion health is, the factors that cause exclusion, and the practical actions that you and your practice can take to improve care for these patients. Much of the module is based on the public health document ‘Inclusion Health: applying All Our Health’, a link to which is in the references section.",Royal College of General Practitioners Learning,Online,0,Free,30 mins,Less than an hour,Register on website,CPD Credits,"[""Doctor"", ""Dentist""]","[""Health Inclusion Groups""]","[""Health Inclusion""]",https://elearning.rcgp.org.uk/enrol/index.php?id=633,"[""Course""]",Approved,
171,Allyship,"This module focuses on allyship and bystander intervention in racism and racial discrimination. It offers an opportunity to think about language as well as actions that can overtly or covertly lead to exclusion of patients, colleagues and citizens. It is an action-orientated module, that moves on from describing patterns and impact of racism to offering tools to maximise recognition of potentially harmful situation or interaction and enabling a response that could positively influence outcomes",Royal College of General Practitioners Learning,Online,0,Free,45 mins,Less than an hour,Register on website,CPD Credits,"[""All""]","[""Communication"", ""Compassion"", ""Coordination""]","[""Allyship""]",https://elearning.rcgp.org.uk/course/view.php?id=559,"[""Course""]",Approved,
172,Allyship,"Allyship

The different minority and marginalised groups to whom we can be allies
What it means to be an effective and inclusive ally
The importance of awareness, empathy, action and authenticity when acting as an ally
The different actions that allies can take to support people from minority or marginalised groups
How to use the ‘Open The Front Door’ communication framework to challenge inappropriate behaviour
The importance of taking on board feedback and learning from our mistakes when being an ally.

Compassion.",Leeds Health and Care Academy,Online,0,Free,45 mins,Less than an hour,Register on website,CPD Credits,"[""All""]","[""Communication"", ""Compassion"", ""Coordination""]","[""Allyship""]",https://elearning.rcgp.org.uk/course/view.php?id=559,"[""Course""]",Approved,
173,All Our Health: Workplace Health,"This is a bite-sized session to give health and care professionals an overview of social workplace health - including key evidence, data and signposting to trusted resources to help prevent illness, protect health and promote wellbeing
Employment, unemployment work, workplace heath, mental health, wellbeing, worklessness, physical health, musculoskeletal health, MSK, workplace injuries, workforce, NEET, working age adults,work as a health outcome, good work",eLfH,Online,0,Free,>1 hour,Less than an hour,Register for an eLfH account,Not Applicable,"[""All""]","[""Health and Wellbeing"", ""Health Prevention"", ""Health Promotion"", ""Health Protection""]","[""Workplace Health""]",https://portal.e-lfh.org.uk/Component/Details/587501,"[""Course""]",Approved,
174,"All Our Health: Speech, Language and Communication",Early years speech and language,eLfH,Online,0,Free,>1 hour,Less than an hour,Register for an eLfH account,Not Applicable,"[""All""]","[""Communication""]","[""Communication""]",https://portal.e-lfh.org.uk/Component/Details/683670,"[""Course""]",Approved,
175,All Our Health: Social Prescribing,"This is a bite-sized session to give health and care professionals an overview of social prescribing - including key evidence, data and signposts to trusted resources to help prevent illness, protect health and promote wellbeing
Intervention, health, professional, staff, social prescribing, wellbeing, resilience, community, loneliness, social isolation, inequalities, holistic, patients, carers, social network, local services, referral, link workers, healthy lifestyle, groups, making every contact count, support, personalised care, community centred, non-clinical, community assets, asset based community development",eLfH,Online,0,Free,>1 hour,Less than an hour,Register for an eLfH account,Not Applicable,"[""All""]","[""Health Prevention"", ""Health Promotion""]","[""Social Prescribing""]",https://portal.e-lfh.org.uk/Component/Details/571333,"[""Course""]",Approved,
176,All Our Health: Smoking and Tobacco,"This is a bite-sized session to give health and care professionals an overview of smoking and tobacco - including key evidence, data and signposting to trusted resources to help prevent illness, protect health and promote wellbeing.
Cancer, respiratory disease, cardiovascular disease, Type 2 diabetes, dementia, healthy living, patients, inequalities, smoking, smokers, tobacco addiction, brief advice, quitting, quit, stop smoking service, nicotine, nicotine replacement therapy, NRT, e-cigarette, vape, vaping, pregnant, pregnancy, mental health, CQUIN prevention, Long Term Plan, LTP, smokefree, smoke-free, Very Brief Advice, VBA",eLfH,Online,0,Free,>1 hour,Less than an hour,Register for an eLfH account,Not Applicable,"[""All""]","[""Health Prevention"", ""Health Promotion""]","[""Smoking"", ""Tobacco""]",https://portal.e-lfh.org.uk/Component/Details/596376,"[""Course""]",Approved,
177,All Our Health: Sexual and Reproductive Health and HIV,"This is a bite-sized session to give health and care professionals an overview of sexual and reproductive health and HIV - including key evidence, data and signposting to trusted resources to help prevent illness, protect health and promote wellbeing.
Good practice, Health, patients, Health and care professional, advice, Information, sexual health, reproductive health, HIV, relationships, STIs, sexually transmitted infections, abortion, pregnancy, unplanned pregnancy, Infertility, teenage pregnancy, teenage parents, condoms, contraception, syphilis, chlamydia, gonorrhoea, cervical cancer, genital cancers, hepatitis, genital herpes, genital warts, pelvic inflammatory disease, PID, relationships and sex education, RSE, maternity, midwives, midwifery, maternity support worker, MSW, neonatal",eLfH,Online,0,Free,>1 hour,Less than an hour,Register for an eLfH account,Not Applicable,"[""All""]","[""Health conditions"", ""Health Promotion""]","[""GUM"", ""HIV"", ""Sexual and reproductive health""]",https://portal.e-lfh.org.uk/Component/Details/643010,"[""Course""]",Approved,
178,All Our Health: Population Screening,"This is a bite-sized session to give health and care professionals an overview of population screening - including key evidence, data and signposting to trusted resources to help prevent illness, protect health and promote wellbeing.
Population, screening, cervical, bowel, breast, sickle cell, antenatal, newborn, thalassaemia, down's, edward's, patau, syndrome, hearing, blood spot, HIV, AAA, HPV, eye, YPA, ANNB, diabetic, infectious,fetal anomaly, infant, physical examination, newborn",eLfH,Online,0,Free,>1 hour,Less than an hour,Register for an eLfH account,Not Applicable,"[""All""]","[""Health Prevention""]","[""Screening""]",https://portal.e-lfh.org.uk/Component/Details/675218,"[""Course""]",Approved,
179,All Our Health: Physical Activity,"This is a bite-sized session to give health and care professionals an overview of physical activity - including key evidence, data and signposts to trusted resources to help prevent illness, protect health and promote wellbeing
BMI, active, activity, adult, behaviour, chronic, communities, conditions, course, disease, evidence, exercise, fitness, front-line, frontline, health, healthcare, healthy, impact, inactivity, leader, living, local, long, long-term, manager, mental, obese, obesity, patients, physical, professional, sedentary, staff, staying, strategic, term, weight, wellbeing",eLfH,Online,0,Free,>1 hour,Less than an hour,Register for an eLfH account,Not Applicable,"[""All""]","[""Health Prevention"", ""Health Promotion""]","[""Adult Obesity""]",https://portal.e-lfh.org.uk/Component/Details/571297,"[""Course""]",Approved,
180,All Our Health: NHS Health Check,"This is a bite-sized session to give health and care professionals an overview of the NHS Health Check - including key evidence, data and signposting to trusted resources to help prevent illness, protect health and promote wellbeing.
CVD, NHS, cancer, cardiovascular, check, dementia, diabetes, disease, factors, front-line professional, health, identification, identify, intervene, intervention, kidney, non-communicable, prevent, preventable, risk, stroke, vascular, wellbeing",eLfH,Online,0,Free,>1 hour,Less than an hour,Register for an eLfH account,Not Applicable,"[""All""]","[""Health Prevention"", ""Health Promotion""]","[""0""]",https://portal.e-lfh.org.uk/Component/Details/596370,"[""Course""]",Approved,
181,All Our Health: Musculoskeletal Health,"This is a bite-sized session to give health and care professionals an overview of musculoskeletal health - including key evidence, data and signposting to trusted resources to help prevent illness, protect health and promote wellbeing.
Musculoskeletal health, musculoskeletal Conditions, MSK, healthy aging, wellbeing, older adults, falls, falls prevention, physical activity, exercise, bones, joints, muscles, pain, disability, back pain, osteoarthritis arthritis rheumatoid arthritis, osteoporosis, fractures, sickness absence, comorbidities, smoking mental wellbeing, work and health",eLfH,Online,0,Free,>1 hour,Less than an hour,Register for an eLfH account,Not Applicable,"[""All""]","[""Health Prevention"", ""Health Promotion""]","[""Ageing""]",https://portal.e-lfh.org.uk/Component/Details/605883,"[""Course""]",Approved,
182,All Our Health: Misuse of illicit Drugs and Medicines,"This is a bite-sized session to give health and care professionals an overview of misuse of illicit drugs and medicines - including key evidence, data and signposting to trusted resources to help prevent illness, protect health and promote wellbeing.
Good practice, health, patients, professional, advice, information, drugs, illicit, illegal, recreational, screening, brief interventions, substance, crack, heroin, cocaine, cannabis, SCRAs, spice, ecstasy, misuse, abuse, harm, treatment, prevention, harm reduction, reduce, medicine",eLfH,Online,0,Free,>1 hour,Less than an hour,Register for an eLfH account,Not Applicable,"[""All""]","[""Health Inclusion Groups""]","[""Illicit Drugs"", ""Substance Misuse""]",https://portal.e-lfh.org.uk/Component/Details/596367,"[""Course""]",Approved,
183,All Our Health: Mental Health and Wellbeing,"This is a bite-sized session to give health and care professionals an overview of mental health and wellbeing - including key evidence, data and signposting to trusted resources to help prevent illness, protect health and promote wellbeing.
Wellbeing, mental health, psychology, psychological, emotional. resilience, mental wellbeing, inequalities, prevention, front line, professional, mental health disorder, mental illness, anxiety, depression, severe mental illness, SMI, schizophrenia, bipolar disorder, suicide, suicide prevention, stigma, prevention concordat, self-harm, physical health",eLfH,Online,0,Free,>1 hour,Less than an hour,Register for an eLfH account,Not Applicable,"[""All""]","[""Health Prevention"", ""Health Promotion""]","[""Mental Health""]",https://portal.e-lfh.org.uk/Component/Details/587402,"[""Course""]",Approved,
184,All Our Health: Learning disability,"This is a bite-sized session to give health and care professionals and the wider public health workforce an overview of learning disability - including key evidence, data and signposting to trusted resources to help prevent illness, protect health and promote wellbeing.
Learning disability, ADHD, dyslexia, learning difficulty, neurological disorders, human rights, health inequality",eLfH,Online,0,Free,>1 hour,Less than an hour,Register for an eLfH account,Not Applicable,"[""All""]","[""Health Prevention"", ""Health Promotion""]","[""Learning Disability"", ""Neurodivergence""]",https://portal.e-lfh.org.uk/Component/Details/809308,"[""Course""]",Approved,
185,All Our Health: Inclusion Health,"This is a bite-sized session to give health and care professionals an overview of inclusion health - including key evidence, data and signposting to trusted resources to help prevent illness, protect health and promote wellbeing
Inclusion, health, social, exclusion, homelessness, migrants, gypsy, traveller communities, sex workers, modern slavery, drug, alcohol",eLfH,Online,0,Free,>1 hour,Less than an hour,Register for an eLfH account,Not Applicable,"[""All""]","[""Health Inclusion Groups""]","[""Health Inclusion""]",https://portal.e-lfh.org.uk/Component/Details/688646,"[""Course""]",Approved,
186,All Our Health: Immunisation,"This is a bite-sized session to give health and care professionals an overview of immunisation - including key evidence, data and signposting to trusted resources to help prevent illness, protect health and promote wellbeing.
Front-line, professional, vaccines, vaccination, immunisation, childhood immunisation programme, adulthood vaccine, pregnancy, school, adolescence, measles, pertussis, whooping cough, Influenza, flu, HPV, MenACWY, meningitis",eLfH,Online,0,Free,>1 hour,Less than an hour,Register for an eLfH account,Not Applicable,"[""All""]","[""Health Prevention""]","[""Immunisations"", ""Vaccines""]",https://portal.e-lfh.org.uk/Component/Details/605892,"[""Course""]",Approved,
187,All Our Health: Homelessness,"This is a bite-sized session to give health and care professionals an overview of homelessness - including key evidence, data and signposts to trusted resources to help prevent illness, protect health and promote wellbeing.
Intervention, health, professional, homelessness, homelessness prevention, homeless, rough sleeping, rough Sleeping Strategy, housing, accommodation, poverty, inequality, unemployment drug, drugs, alcohol substance misuse, physical health, domestic abuse, mental health, wellbeing, Homelessness Reduction Act, duty to refer, Personalised Housing plans, inclusion health",eLfH,Online,0,Free,>1 hour,Less than an hour,Register for an eLfH account,Not Applicable,"[""All""]","[""Health Inclusion Groups""]","[""Homelessness""]",https://portal.e-lfh.org.uk/Component/Details/571225,"[""Course""]",Approved,
188,All Our Health: Healthy eating,"This is a bite-sized session to give health and care professionals an overview of healthy eating - including key evidence, data and signposting to trusted resources to help prevent illness, protect health and promote wellbeing
Healthy, eating, balanced diet, dietary recommendations, Eatwell Guide, Hydration, Alcohol, 5-a-day, vitamins, minerals, supplements, plant-based diet",eLfH,Online,0,Free,>1 hour,Less than an hour,Register for an eLfH account,Not Applicable,"[""All""]","[""Health Prevention"", ""Health Promotion""]","[""Healthy Eating""]",https://portal.e-lfh.org.uk/Component/Details/799923,"[""Course""]",Approved,
189,All Our Health: Healthy Ageing,"This is a bite-sized session to give health and care professionals an overview of Healthy Ageing - including key evidence, data and signposting to trusted resources to help prevent injury, protect health and promote wellbeing.
Healthy ageing, life expectancy, years with disability, productive healthy ageing, support",eLfH,Online,0,Free,>1 hour,Less than an hour,Register for an eLfH account,Not Applicable,"[""All""]","[""Health Prevention"", ""Health Promotion""]","[""Ageing""]",https://portal.e-lfh.org.uk/Component/Details/748420,"[""Course""]",Approved,
190,All Our Health: Health disparities and health inequalities,"All Our Health: Health disparities and health inequalities
This is a bite-sized session to give health and care professionals an overview of health disparities and health inequalities - including key evidence, data and signposting to trusted resources to help prevent illness, protect health and promote wellbeing.
Health disparities, health inequalities, equality, equity, place-based approaches, communities, community-centred approaches, system, scale, collaboration",eLfH,Online,0,Free,>1 hour,Less than an hour,Register for an eLfH account,Not Applicable,"[""All""]","[""Health Prevention"", ""Health Promotion""]","[""health Inequalities""]",https://portal.e-lfh.org.uk/Component/Details/778744,"[""Course""]",Approved,
191,All Our Health: Financial wellbeing,"All Our Health: Financial wellbeing
This is a bite-sized session to give health and care professionals an overview of financial wellbeing - including key evidence, data and signposting to trusted resources to help prevent illness, protect health and promote wellbeing.
Financial, wellbeing, health inequality, income, employment",eLfH,Online,0,Free,>1 hour,Less than an hour,Register for an eLfH account,Not Applicable,"[""All""]","[""Health Prevention"", ""Health Promotion""]","[""Financial Wellbeing"", ""Poverty""]",https://portal.e-lfh.org.uk/Component/Details/783373,"[""Course""]",Approved,
192,All Our Health: Falls and Fractures,"All Our Health: Falls and Fractures
This is a bite-sized session to give health and care professionals an overview of falls and fractures - including key evidence, data and signposting to trusted resources to help prevent illness, protect health and promote wellbeing.
Falls, fractures, prevention, strength and balance, exercise, consensus statement, hip fracture, osteoporosis, front line, managers, healthcare professional, home hazards. Polypharmacy, older people. Environment, injury, visual impairment, fragility fracture, muscle weakness, fracture liaison services, occupational health, physical activity, physiotherapy, healthy homes, gait, multifactorial",eLfH,Online,0,Free,>1 hour,Less than an hour,Register for an eLfH account,Not Applicable,"[""All""]","[""Health Prevention"", ""Health Promotion""]","[""Falls"", ""Fractures""]",https://portal.e-lfh.org.uk/Component/Details/605805,"[""Course""]",Approved,
193,All Our Health: Dementia,"All Our Health: Dementia
This is a bite-sized session to give health and care professionals an overview of dementia - including key evidence, data and signposting to trusted resources to help prevent illness, protect health and promote wellbeing.
Dementia, Alzheimer, urinary, respiratory, pneumonia, disability, cognitive, learning capacity, memory loss, brain diseases, physically active, ageing, healthily, healthy weight, smoking, brain cells, proteins, age, older, mixed",eLfH,Online,0,Free,>1 hour,0,Register for an eLfH account,Not Applicable,"[""All""]","[""Health Prevention"", ""Health Promotion""]","[""Dementia""]",https://portal.e-lfh.org.uk/Component/Details/605808,"[""Course""]",Approved,
194,All Our Health: Climate change,"All Our Health: Climate change
This is a bite-sized session to give health and care professionals an overview of climate and health - including key evidence, data and signposting to trusted resources to help prevent illness, protect health and promote wellbeing.
Climate, global warming, nature, environment, biodiversity, food, water, air, greenhouse gas, carbon dioxide, energy, plastic, fossil fuel, coal, oil, emissions, mitigation, adaptation, drought, flood, extreme weather, heatwave, infectious disease, conflict, migration, resilience, physical activity, obesity, active travel, housing, insulation, cold homes, fuel poverty, public transportation, walking, cycling, air pollution, child, plant-based, green space, nature, wellbeing, loneliness, inequalities, social prescribing, elderly, Paris, net zero, recycle, empowerment, NHS, cardiovascular, respiratory, cancer, diabetes, mental health, smoking, alcohol",eLfH,Online,0,Free,>1 hour,Less than an hour,Register for an eLfH account,Not Applicable,"[""All""]","[""Health Prevention"", ""Health Promotion""]","[""Climate Change""]",https://portal.e-lfh.org.uk/Component/Details/752711,"[""Course""]",Approved,
195,All Our Health: Childhood Obesity,"All Our Health: Childhood Obesity
This is a bite-sized session to give health and care professionals an overview of childhood obesity - including key evidence, data and signposting to trusted resources to help prevent illness, protect health and promote wellbeing.
Wellbeing, child health, child obesity, childhood obesity, child weight, child, childhood, children, young people, family, obese, obesity, overweight, weight, growth, healthy weight, healthier weight, lifestyle, inactivity, physical activity, exercise, nutrition, food, BMI, BMI centile, growth chart, communities, front-line, frontline Health, healthcare, patients, professional, practitioner, National Child Measurement Programme",eLfH,Online,0,Free,>1 hour,Less than an hour,Register for an eLfH account,Not Applicable,"[""All""]","[""Health Prevention"", ""Health Promotion""]","[""Childhood Obesity""]",https://portal.e-lfh.org.uk/Component/Details/587409,"[""Course""]",Approved,
196,All Our Health: Child Oral Health,"All Our Health: Child Oral Health
This is a bite-sized session to give health and care professionals an overview of child oral health - including key evidence, data and signposting to trusted resources to help prevent illness, protect health and promote wellbeing.
Oral health, child oral health, oral health promotion, dentist, healthy mouth, tooth decay, dental decay, tooth extraction, dental pain, dental infection, sugar, prevention, tooth brushing, fluoride, toothpaste, fluoride, water fluoridation",eLfH,Online,0,Free,>1 hour,Less than an hour,Register for an eLfH account,Not Applicable,"[""All""]","[""Health Prevention"", ""Health Promotion""]","[""Child Oral Health""]",https://portal.e-lfh.org.uk/Component/Details/587510,"[""Course""]",Approved,
197,All Our Health: Cardiovascular Disease Prevention,"This is a bite-sized session to give health and care professionals an overview of cardiovascular disease - including key evidence, data and signposting to trusted resources to help prevent illness, protect health and promote wellbeing.
Intervention, health, professional, staff, cardiovascular disease, CVD, heart disease, heart attack, high blood pressure, atrial fibrillation, stroke, dementia, cholesterol, blood pressure, health check, obesity, diet, exercise, alcohol, physical activity, smoking, heart attacks, ambitions, BP, hyperlipidaemia, dyslipidaemia, hypertension",eLfH,Online,0,Free,>1 hour,Less than an hour,Register for an eLfH account,Not Applicable,"[""All""]","[""Health Promotion"", ""Health Protection""]","[""Cardiovascular""]",https://portal.e-lfh.org.uk/Component/Details/630212,"[""Course""]",Approved,
198,All Our Health: Best Start in Life,"All Our Health: Best Start in Life
This is a bite-sized session to give health and care professionals an overview of the best start in life - including key evidence, data and signposting to trusted resources to help prevent illness, protect health and promote wellbeing.
Intervention, health, professional, staff, life course, children, child, newborn, infant, early years, breastfeeding, family, families, parent, preconception, conception, speech, language, pregnancy, birth, postnatal depression, maternal mental health, healthy child programme, best start in life, antenatal, health visitor, father’s, early help",eLfH,Online,0,Free,>1 hour,Less than an hour,Register for an eLfH account,Not Applicable,"[""All""]","[""Health Prevention"", ""Health Promotion""]","[""Antenatal""]",https://portal.e-lfh.org.uk/Component/Details/571272,"[""Course""]",Approved,
199,Alcohol- Information and Brief Advice for Adults,"Alcohol- Information and Brief Advice for Adults

To build participants confidence and skills in delivering alcohol brief interventions

Objectives:


To review participants’ alcohol knowledge
To identify/screen service user’s alcohol use &amp; the level of associated risk
Be able to give simple brief advice using evidence-based practice
Understand how Forward Leeds responds to alcohol use/misuse &amp; how to make referrals

Inclusion Health, Alcohol and/or Drugs",Forward Leeds,Face to Face,0,Free,NA,Less than a day,Register on website,Not Applicable,"[""All""]","[""Health Inclusion Groups""]","[""Alcohol and/or Drugs""]",https://www.forwardleeds.co.uk/get-help/training/alcohol-identification-and-brief-advice-for-adults/,"[""Course""]",Approved,
200,Alcohol and Later Life,"Alcohol and Later Life

Aim:
To build participants’ knowledge and skills around supporting older people who may be drinking too much
Objectives:

Discuss information about alcohol’s effects and risks in relation to older people.
Define alcohol units and recommended limits.
Introduce early and late-onset drinking.
Discuss barriers to support
Discuss harm reduction techniques and how older people may be able to implement them into their lives.
Understand the use of simple brief interventions applying the FRAMES model.
To increase awareness of the types of support that individuals and their families can access in Leeds

Inclusion Health, Frailty",Forward Leeds,Online,0,Free,3 hours,Less than a day,Register on website,Not Applicable,"[""All""]","[""Health Inclusion Groups""]","[""Alcohol and/or Drugs"", ""Frailty""]",https://www.forwardleeds.co.uk/get-help/training/alcohol-and-older-people/,"[""Course""]",Approved,
201,Alcohol and its Social Impact,"Alcohol and its Social Impact

Aim: To explore a range of social issues that contribute to the government spending of 21 billion a year to alcohol related issues in the U.K.
Objectives:
By the end of this training session, participants will be able to:

Examine the complex relationship between alcohol consumption and domestic abuse/interpersonal violence.
Analyse a sociological model that explores external and environmental factors contributing to violent crimes and alcohol use.
Compare different areas in Leeds to understand geographical influences on domestic violence statistics.
Identify key characteristics of both victims and perpetrators, and explain the role of alcohol in their interactions.
Assess the impact of domestic violence and alcohol misuse on children within affected families.

Inclusion Health, Alcohol and/or Drugs",Forward Leeds,Face to Face,0,Free,3 hours,Less than a day,Register on website,Not Applicable,"[""All""]","[""Health Inclusion Groups""]","[""Alcohol and/or Drugs""]",https://www.forwardleeds.co.uk/get-help/training/alcohol-and-its-impact-on-society/,"[""Course""]",Approved,
202,Active Bystander training,"Active Bystander training

Switch on to Women's Safety - learn how to run ‘active bystander’ workshops for men
85% of women in Leeds have been harassed in the street and more than 20% have been sexually assaulted or raped. Our ‘Switch on to Women’s Safety’ workshop supports men to understand women’s experiences and find practical tools, ideas and solutions to do something about it while keeping themselves safe. It harnesses the empathy that men feel towards victims and builds their confidence by showing them that they can and in most cases have already made interventions that can make girls and women feel safe and respected.

Communication, Women",Fairhealth,Online or Face to Face,0,Free,4 hours,Less than a day,Register on website,Certificate of completion,"[""All""]","[""Communication"", ""Compassion"", ""Coordination""]","[""Adverse Childhood Experience"", ""Trauma""]",https://humansbeing.org.uk/switch-on-to-womens-safety/,"[""Course""]",Approved,
203,A student healthcare guide to supporting people experiencing homelessness,"A student healthcare guide to supporting people experiencing homelessness

This course provides a comprehensive understanding of homelessness and will equip you with the knowledge to provide holistic and effective care.

Health Inclusion",Fairhealth,Online,0,Free,60 mins,Less than an hour,Register on website,Certificate of completion,"[""Students""]","[""Health Inclusion Groups""]","[""Health Inclusion""]",https://www.fairhealth.org.uk/course/student-guide-homeless,"[""Course""]",Approved,
204,A practical guide to reducing health inequalities in primary care,"A practical guide to reducing health inequalities in primary care

The nature of general practice makes it ideally placed to be instrumental in tackling health inequity...
This module covers some practical ideas and considerations for how to tackle health inequality from the health care professional's perspective.",Fairhealth,Online,0,Free,60 mins,Less than an hour,Register on website,Certificate of completion,"[""Doctor"", ""Dentist"", ""Healthcare Support"", ""Care Worker"", ""Nursing and Midwifery""]","[""Health Inequalities""]","[""health Inequalities""]",https://www.fairhealth.org.uk/course/reduce-hi-primary-care,"[""Course""]",Approved,
205,All Our Health: Antimicrobial Resistance,"All Our Health: Antimicrobial Resistance
This is a bite-sized session to give health and care professionals an overview of antimicrobial resistance (AMR) - including key evidence, data and signposts to trusted resources to help prevent illness, protect health and promote wellbeing.
Antibiotics, antimicrobial, bacteria, care, dispensing, drug, guardian, health, infection, intervention, medication, medicine, patients, prescribing, prevention, primary, professional, promotion, protect, resistance, secondary, staff, stewardship, virus",eLfH,Online,0,"Free, Paid",>1 hour,Less than a day,Register for an eLfH account,Not Applicable,"[""All""]","[""Health Prevention"", ""Health Promotion""]","[""Antimicrobial resistance""]",https://portal.e-lfh.org.uk/Component/Details/571263,"[""Course""]",Approved,
206,All Our Health: Alcohol,"All Our Health: Alcohol
This is a bite-sized session to give health and care professionals an overview of alcohol - including key evidence, data and signposting to trusted resources to help prevent illness, protect health and promote wellbeing.
Adult, chronic conditions, front-line, frontline, health, healthcare, healthy living, patients, professional, staff, alcohol, units, consumption, drinking, low risk, increasing risk, higher risk, alcohol dependence, intoxication, liver, cancer, Accident and emergency (ED), hospital, social care, housing, employment, crime, society",eLfH,Online,0,Free,>1 hour,Less than a day,Register for an eLfH account,Not Applicable,"[""All""]","[""Health Prevention"", ""Health Promotion""]","[""Alcohol and/or Drugs""]",https://portal.e-lfh.org.uk/Component/Details/587422,"[""Course""]",Approved,
207,All Our Health: Air Pollution,"All Our Health: Air Pollution
This is a bite-sized session to give health and care professionals an overview of air pollution - including key evidence, data and signposting to trusted resources to help prevent illness, protect health and promote wellbeing.
Health, professional, prevention, air pollution, air quality, clean air, particulate matter, nitrogen dioxide, respiratory disease, lung cancer, asthma, cardiovascular disease, high pollution episodes, active travel, zero emission, low emission, ammonia, ozone, carbon monoxide, volatile organic compounds, VOCs, environmental, tobacco smoke, radon, ambient indoor, short-term exposure, long-term exposure",eLfH,Online,0,Free,>1 hour,Less than an hour,Register for an eLfH account,Not Applicable,"[""All""]","[""Health Prevention"", ""Health Promotion""]","[""Air Pollution""]",https://portal.e-lfh.org.uk/Component/Details/605802,"[""Course""]",Approved,
208,All Our Health: Adult Obesity,"All Our Health: Adult Obesity
This is a bite-sized session to give health and care professionals an overview of adult obesity - including key evidence, data and signposting to trusted resources to help prevent illness, protect health and promote wellbeing.",eLfH,Online,0,Free,>1 hour,Less than an hour,Register for an eLfH account,Not Applicable,"[""All""]","[""Health Prevention"", ""Health Promotion""]","[""Adult Obesity""]",https://portal.e-lfh.org.uk/Component/Details/571222,"[""Course""]",Approved,
209,"Adversity, Trauma and Resilience Knowledge Exchanges","Adversity, Trauma and Resilience Knowledge Exchanges
Our annual Adversity, Trauma and Resilience Knowledge Exchanges take place over three days each year and are run in partnership with the West Yorkshire Violence Reduction Partnership.
The events are open to anyone who works in this area.
The aim is to bring partners together to share evidence, best practice and explore progress made to help make sure West Yorkshire provides trauma informed and responsive services.
They are of particular interest to people working in the public, private, voluntary, community and social enterprise sector (VCSE) who share our joint ambition to work with people who have experienced abuse, violence, neglect, poverty, or discrimination, or who support those who have.
Communication.",WYICB,Face to Face,0,Free,3 days a year,Less than a week,Register on website,Not Applicable,"[""All""]","[""Communication"", ""Compassion"", ""Coordination""]","[""ATR""]",https://www.wypartnership.co.uk/our-priorities/population-health-management/adversity-trauma-and-resilience/resources/adversity-and-trauma,"[""Course""]",Approved,
210,Adverse Childhood Experiences,"Adverse Childhood Experiences

Appreciate that what happens in childhood makes a difference to a child's mental and physical health, impacting on the rest of their life.
Describe 'Adverse Childhood Experiences' (ACEs) as a framework for understanding childhood trauma
Appreciate the long-term physical and psychological consequences of exposure to childhood trauma
Recognise common responses to trauma, including hypervigilance, dissociation, disconnection, and shame
Start to think about how to routinely and sensitively enquire about a history of trauma and adverse experience
Understand and begin to incorporate trauma-informed care into your personal practise
Think about yourself and the impact that caring can have

Communication, Compassion, Adverse Childhood Experience, Trauma",Fairhealth,Online,369,Free,1 day,Less than a day,Register on website,Certificate of completion,"[""All""]","[""Communication"", ""Compassion"", ""Coordination""]","[""Adverse Childhood Experience"", ""Trauma""]",https://www.fairhealth.org.uk/course/aces,"[""Course""]",Approved,
211,A brief introduction to Inclusion Health,"A brief introduction to Inclusion Health
Inclusion Health aims to prevent and redress unequal health outcomes for people from disadvantaged populations, including people experiencing homelessness, sex workers, vulnerable migrants and Gypsies and Travellers.
&nbsp;",Fairhealth,Online,0,Free,10-30 mins,Less than a day,Register on website,Certificate of completion,"[""All""]","[""Health Inclusion Groups""]","[""0""]",https://www.fairhealth.org.uk/course/intro-inclusion-health,"[""Course""]",Approved,
212,Alcohol or Drug Misuse Part 1 training,"Alcohol or Drug Misuse Part 1 training

Identify alcohol related harm and dependent drinking.
Diagnose severity of alcohol dependence.
Understand and describe treatment options.
Develop skills to effectively treat problem drinking.
Deliver enhanced services for problem drinkers

Fundamental Knowledge, Health promotion, Health prevention, Alcohol and/or drugs",SLD Training,Online or Face to Face,0,Paid,0,Various,Register on website,RGCP Accredited Certificate,"[""All""]","[""Health Prevention"", ""Health Promotion""]","[""Alcohol and/or Drugs""]",https://www.sldtraining.co.uk/elearning,"[""Course""]",Approved,
213,Management of Alcohol Problems in Primary Care,"Management of Alcohol Problems in Primary Care

Identify alcohol related harm and dependent drinking.
Diagnose severity of alcohol dependence.
Understand and describe treatment options.
Develop skills to effectively treat problem drinking.
Deliver enhanced services for problem drinkers.",SLD Training,Online or Face to Face,0,Paid,0,Less than a week,Register on website,CPD Credits,"[""All""]","[""Communication"", ""Compassion"", ""Coordination""]","[""ATR""]",https://www.sldtraining.co.uk/courses/management-of-alcohol-problems-in-primary-care-cpd-accredited,"[""Course""]",Approved,
